Time,
2010-07-22 00:00:00 UTC,280079.37205
2010-07-23 00:00:00 UTC,203592.2177
2010-07-24 00:00:00 UTC,215564.1485
2010-07-25 00:00:00 UTC,194593.457500001
2010-08-03 00:00:00 UTC,216090.0
2010-08-04 00:00:00 UTC,225087.408750001
2010-08-11 00:00:00 UTC,228169.299999999
2010-08-17 00:00:00 UTC,245137.025
2010-08-21 00:00:00 UTC,245254.75
2010-08-22 00:00:00 UTC,243118.94925
2010-08-23 00:00:00 UTC,247519.350000001
2010-08-27 00:00:00 UTC,245443.2
2010-08-31 00:00:00 UTC,247975.87725
2010-09-05 00:00:00 UTC,244154.52
2010-09-10 00:00:00 UTC,240892.05
2010-09-12 00:00:00 UTC,244649.761166666
2010-09-13 00:00:00 UTC,246405.326999999
2010-09-19 00:00:00 UTC,245826.668999999
2010-09-21 00:00:00 UTC,255896.643562499
2010-09-23 00:00:00 UTC,253021.792499999
2010-09-29 00:00:00 UTC,256582.35
2010-10-02 00:00:00 UTC,257443.147125001
2010-10-05 00:00:00 UTC,256449.517999999
2010-10-07 00:00:00 UTC,264684.42
2010-10-09 00:00:00 UTC,351239.457305556
2010-10-10 00:00:00 UTC,392383.275
2010-10-11 00:00:00 UTC,384711.599999999
2010-10-13 00:00:00 UTC,390422.700000001
2010-10-14 00:00:00 UTC,434894.812500001
2010-10-20 00:00:00 UTC,426059.287500001
2010-10-24 00:00:00 UTC,471198.600000001
2010-10-27 00:00:00 UTC,663735.599999999
2010-11-01 00:00:00 UTC,857159.169999998
2010-11-04 00:00:00 UTC,890201.737500001
2010-11-05 00:00:00 UTC,969470.362500002
2010-11-06 00:00:00 UTC,1157530.36666667
2010-11-07 00:00:00 UTC,1692730.08263462
2010-11-10 00:00:00 UTC,954675.011666666
2010-11-13 00:00:00 UTC,1287898.84333333
2010-11-18 00:00:00 UTC,1028856.04
2010-11-23 00:00:00 UTC,1317158.55
2010-11-24 00:00:00 UTC,1323838.165
2010-11-28 00:00:00 UTC,1334394.525
2010-11-29 00:00:00 UTC,1318191.30000001
2010-11-30 00:00:00 UTC,1020031.989375
2010-12-01 00:00:00 UTC,994019.887499996
2010-12-03 00:00:00 UTC,1190887.5
2010-12-04 00:00:00 UTC,1217370.0
2010-12-06 00:00:00 UTC,995522.750000004
2010-12-08 00:00:00 UTC,1157190.0
2010-12-09 00:00:00 UTC,1092291.9
2010-12-16 00:00:00 UTC,1164606.731
2010-12-23 00:00:00 UTC,1225164.3756
2010-12-24 00:00:00 UTC,1239881.25
2010-12-27 00:00:00 UTC,1250739.275
2010-12-29 00:00:00 UTC,1354932.25
2011-01-05 00:00:00 UTC,1466710.527
2011-01-06 00:00:00 UTC,1514056.89
2011-01-07 00:00:00 UTC,1509912.0725
2011-01-13 00:00:00 UTC,1641045.685125
2011-01-17 00:00:00 UTC,1994772.7275
2011-01-18 00:00:00 UTC,1805272.35
2011-01-20 00:00:00 UTC,1621890.70575
2011-01-21 00:00:00 UTC,2023941.65749999
2011-01-22 00:00:00 UTC,2131753.99999999
2011-01-23 00:00:00 UTC,2313814.43249999
2011-01-24 00:00:00 UTC,2213218.10801705
2011-01-26 00:00:00 UTC,2152264.73175001
2011-01-29 00:00:00 UTC,2339876.75
2011-01-31 00:00:00 UTC,2530586.3405625
2011-02-01 00:00:00 UTC,2835351.69691668
2011-02-02 00:00:00 UTC,3809073.64583333
2011-02-03 00:00:00 UTC,3885551.01900001
2011-02-05 00:00:00 UTC,4489490.28374999
2011-02-06 00:00:00 UTC,4899597.99999999
2011-02-08 00:00:00 UTC,4756538.24999999
2011-02-09 00:00:00 UTC,4727466.85949999
2011-02-10 00:00:00 UTC,5503065.42784092
2011-02-11 00:00:00 UTC,5160018.04165908
2011-02-12 00:00:00 UTC,5435542.24999999
2011-02-14 00:00:00 UTC,5635486.74999998
2011-02-15 00:00:00 UTC,5739170.026875
2011-02-16 00:00:00 UTC,5694543.75000002
2011-02-17 00:00:00 UTC,5679522.74999997
2011-02-18 00:00:00 UTC,5645730.73674997
2011-02-19 00:00:00 UTC,4963083.46200001
2011-02-20 00:00:00 UTC,5015026.34120002
2011-02-22 00:00:00 UTC,4714322.23611112
2011-02-23 00:00:00 UTC,5000941.04399998
2011-02-26 00:00:00 UTC,5119435.07731247
2011-02-27 00:00:00 UTC,5310361.64999999
2011-02-28 00:00:00 UTC,4942692.02225
2011-03-01 00:00:00 UTC,4754655.37874999
2011-03-02 00:00:00 UTC,5123246.16974999
2011-03-04 00:00:00 UTC,5181143.55999998
2011-03-07 00:00:00 UTC,4893619.50000001
2011-03-08 00:00:00 UTC,4855901.59600002
2011-03-09 00:00:00 UTC,4804403.137
2011-03-12 00:00:00 UTC,5019283.50833335
2011-03-13 00:00:00 UTC,5092595.24399999
2011-03-16 00:00:00 UTC,4932952.48349999
2011-03-17 00:00:00 UTC,4841195.96250001
2011-03-18 00:00:00 UTC,4844748.71250001
2011-03-19 00:00:00 UTC,4465568.59374999
2011-03-20 00:00:00 UTC,4431082.22125001
2011-03-21 00:00:00 UTC,4355246.52874999
2011-03-22 00:00:00 UTC,4310872.63133334
2011-03-23 00:00:00 UTC,4643932.50000001
2011-03-25 00:00:00 UTC,5063441.42818182
2011-03-26 00:00:00 UTC,5087551.92812501
2011-03-27 00:00:00 UTC,4778373.00760002
2011-03-28 00:00:00 UTC,4732773.49999998
2011-03-29 00:00:00 UTC,4577380.82793748
2011-03-30 00:00:00 UTC,4590044.46614999
2011-03-31 00:00:00 UTC,4556686.40312502
2011-04-01 00:00:00 UTC,4516364.55855002
2011-04-02 00:00:00 UTC,4504158.33418749
2011-04-04 00:00:00 UTC,4541476.47499999
2011-04-05 00:00:00 UTC,4025789.68181818
2011-04-06 00:00:00 UTC,4373787.48341666
2011-04-07 00:00:00 UTC,4387716.89999999
2011-04-08 00:00:00 UTC,4430494.04633332
2011-04-09 00:00:00 UTC,4388603.36183335
2011-04-11 00:00:00 UTC,4320384.83371428
2011-04-12 00:00:00 UTC,4684253.25789475
2011-04-13 00:00:00 UTC,5080600.50000002
2011-04-14 00:00:00 UTC,5496925.047
2011-04-15 00:00:00 UTC,5831728.98058333
2011-04-16 00:00:00 UTC,5768555.57596875
2011-04-17 00:00:00 UTC,6113045.79875002
2011-04-18 00:00:00 UTC,6792257.74572596
2011-04-19 00:00:00 UTC,6915993.22782498
2011-04-20 00:00:00 UTC,7082520.06675002
2011-04-21 00:00:00 UTC,6851521.82220001
2011-04-22 00:00:00 UTC,7185933.9035714
2011-04-23 00:00:00 UTC,8227771.02620455
2011-04-24 00:00:00 UTC,10263463.3285761
2011-04-25 00:00:00 UTC,9917548.52322726
2011-04-26 00:00:00 UTC,9464578.56973333
2011-04-27 00:00:00 UTC,10622861.9784334
2011-04-28 00:00:00 UTC,11366255.1615916
2011-04-29 00:00:00 UTC,13828546.1347229
2011-04-30 00:00:00 UTC,17353648.4242391
2011-05-01 00:00:00 UTC,21212625.0
2011-05-02 00:00:00 UTC,18666284.1204063
2011-05-03 00:00:00 UTC,19455920.0
2011-05-04 00:00:00 UTC,21092831.9228842
2011-05-05 00:00:00 UTC,20839856.6308965
2011-05-06 00:00:00 UTC,20363481.3232692
2011-05-07 00:00:00 UTC,21040085.4626072
2011-05-08 00:00:00 UTC,22389106.39875
2011-05-09 00:00:00 UTC,23367875.8314386
2011-05-10 00:00:00 UTC,23604158.659375
2011-05-11 00:00:00 UTC,34833763.3888636
2011-05-12 00:00:00 UTC,33192698.7846176
2011-05-13 00:00:00 UTC,39996786.4288194
2011-05-14 00:00:00 UTC,50119097.4721198
2011-05-15 00:00:00 UTC,45163694.8320823
2011-05-16 00:00:00 UTC,46031575.2446304
2011-05-17 00:00:00 UTC,49137594.2642871
2011-05-18 00:00:00 UTC,45400508.0309083
2011-05-19 00:00:00 UTC,42580312.0097817
2011-05-20 00:00:00 UTC,43644766.501929
2011-05-22 00:00:00 UTC,38667622.8555976
2011-05-23 00:00:00 UTC,42540092.9172694
2011-05-24 00:00:00 UTC,45128712.2537252
2011-05-25 00:00:00 UTC,46837352.4497384
2011-05-26 00:00:00 UTC,52540648.0999312
2011-05-27 00:00:00 UTC,55504793.6650001
2011-05-28 00:00:00 UTC,54272474.8138835
2011-05-29 00:00:00 UTC,53226080.889069
2011-05-30 00:00:00 UTC,53183674.4062499
2011-05-31 00:00:00 UTC,55969135.0466378
2011-06-01 00:00:00 UTC,54724724.8754634
2011-06-02 00:00:00 UTC,61459424.5843136
2011-06-03 00:00:00 UTC,69143370.3869421
2011-06-04 00:00:00 UTC,90956709.3846031
2011-06-05 00:00:00 UTC,118617094.115657
2011-06-06 00:00:00 UTC,107476121.844009
2011-06-07 00:00:00 UTC,119799656.366734
2011-06-08 00:00:00 UTC,149913065.174399
2011-06-09 00:00:00 UTC,195000465.371187
2011-06-10 00:00:00 UTC,186197716.336704
2011-06-11 00:00:00 UTC,155523796.377076
2011-06-12 00:00:00 UTC,96878911.6375575
2011-06-13 00:00:00 UTC,119592053.173986
2011-06-14 00:00:00 UTC,130687879.202342
2011-06-15 00:00:00 UTC,129383146.434098
2011-06-16 00:00:00 UTC,126817284.742486
2011-06-17 00:00:00 UTC,113302652.070525
2011-06-18 00:00:00 UTC,105496592.975688
2011-06-19 00:00:00 UTC,113922335.615988
2011-06-21 00:00:00 UTC,
2011-06-22 00:00:00 UTC,
2011-06-23 00:00:00 UTC,
2011-06-24 00:00:00 UTC,
2011-06-25 00:00:00 UTC,
2011-06-26 00:00:00 UTC,
2011-06-27 00:00:00 UTC,
2011-06-28 00:00:00 UTC,
2011-06-29 00:00:00 UTC,
2011-06-30 00:00:00 UTC,
2011-07-01 00:00:00 UTC,
2011-07-02 00:00:00 UTC,
2011-07-03 00:00:00 UTC,
2011-07-04 00:00:00 UTC,
2011-07-05 00:00:00 UTC,
2011-07-06 00:00:00 UTC,
2011-07-07 00:00:00 UTC,
2011-07-08 00:00:00 UTC,
2011-07-09 00:00:00 UTC,
2011-07-10 00:00:00 UTC,
2011-07-11 00:00:00 UTC,
2011-07-12 00:00:00 UTC,
2011-07-13 00:00:00 UTC,
2011-07-14 00:00:00 UTC,
2011-07-15 00:00:00 UTC,
2011-07-16 00:00:00 UTC,
2011-07-17 00:00:00 UTC,
2011-07-18 00:00:00 UTC,
2011-07-19 00:00:00 UTC,
2011-07-20 00:00:00 UTC,
2011-07-21 00:00:00 UTC,
2011-07-22 00:00:00 UTC,
2011-07-23 00:00:00 UTC,
2011-07-24 00:00:00 UTC,
2011-07-25 00:00:00 UTC,
2011-07-26 00:00:00 UTC,
2011-07-27 00:00:00 UTC,
2011-07-28 00:00:00 UTC,
2011-07-29 00:00:00 UTC,
2011-07-30 00:00:00 UTC,
2011-07-31 00:00:00 UTC,
2011-08-01 00:00:00 UTC,
2011-08-02 00:00:00 UTC,
2011-08-03 00:00:00 UTC,
2011-08-04 00:00:00 UTC,
2011-08-05 00:00:00 UTC,
2011-08-06 00:00:00 UTC,
2011-08-07 00:00:00 UTC,
2011-08-08 00:00:00 UTC,
2011-08-09 00:00:00 UTC,
2011-08-10 00:00:00 UTC,
2011-08-11 00:00:00 UTC,
2011-08-12 00:00:00 UTC,
2011-08-13 00:00:00 UTC,
2011-08-14 00:00:00 UTC,
2011-08-15 00:00:00 UTC,
2011-08-16 00:00:00 UTC,
2011-08-17 00:00:00 UTC,
2011-08-18 00:00:00 UTC,
2011-08-19 00:00:00 UTC,
2011-08-20 00:00:00 UTC,
2011-08-21 00:00:00 UTC,
2011-08-22 00:00:00 UTC,
2011-08-23 00:00:00 UTC,
2011-08-24 00:00:00 UTC,
2011-08-25 00:00:00 UTC,
2011-08-26 00:00:00 UTC,
2011-08-27 00:00:00 UTC,
2011-08-28 00:00:00 UTC,
2011-08-29 00:00:00 UTC,
2011-08-30 00:00:00 UTC,
2011-08-31 00:00:00 UTC,
2011-09-01 00:00:00 UTC,
2011-09-02 00:00:00 UTC,
2011-09-03 00:00:00 UTC,
2011-09-04 00:00:00 UTC,
2011-09-05 00:00:00 UTC,
2011-09-06 00:00:00 UTC,
2011-09-07 00:00:00 UTC,
2011-09-08 00:00:00 UTC,
2011-09-09 00:00:00 UTC,
2011-09-10 00:00:00 UTC,
2011-09-11 00:00:00 UTC,
2011-09-12 00:00:00 UTC,
2011-09-13 00:00:00 UTC,44634700.2276067
2011-09-14 00:00:00 UTC,
2011-09-15 00:00:00 UTC,
2011-09-16 00:00:00 UTC,
2011-09-17 00:00:00 UTC,
2011-09-18 00:00:00 UTC,
2011-09-19 00:00:00 UTC,
2011-09-20 00:00:00 UTC,
2011-09-21 00:00:00 UTC,
2011-09-22 00:00:00 UTC,
2011-09-23 00:00:00 UTC,
2011-09-24 00:00:00 UTC,
2011-09-25 00:00:00 UTC,
2011-09-26 00:00:00 UTC,
2011-09-27 00:00:00 UTC,
2011-09-28 00:00:00 UTC,
2011-09-29 00:00:00 UTC,
2011-09-30 00:00:00 UTC,
2011-10-01 00:00:00 UTC,
2011-10-02 00:00:00 UTC,
2011-10-03 00:00:00 UTC,
2011-10-04 00:00:00 UTC,
2011-10-05 00:00:00 UTC,
2011-10-06 00:00:00 UTC,
2011-10-07 00:00:00 UTC,
2011-10-08 00:00:00 UTC,
2011-10-09 00:00:00 UTC,
2011-10-10 00:00:00 UTC,
2011-10-11 00:00:00 UTC,36483439.9999999
2011-10-12 00:00:00 UTC,
2011-10-13 00:00:00 UTC,
2011-10-14 00:00:00 UTC,
2011-10-15 00:00:00 UTC,
2011-10-16 00:00:00 UTC,
2011-10-17 00:00:00 UTC,
2011-10-18 00:00:00 UTC,
2011-10-19 00:00:00 UTC,
2011-10-20 00:00:00 UTC,
2011-10-21 00:00:00 UTC,
2011-10-22 00:00:00 UTC,
2011-10-23 00:00:00 UTC,
2011-10-24 00:00:00 UTC,
2011-10-25 00:00:00 UTC,
2011-10-26 00:00:00 UTC,
2011-10-27 00:00:00 UTC,
2011-10-28 00:00:00 UTC,
2011-10-29 00:00:00 UTC,
2011-10-30 00:00:00 UTC,
2011-10-31 00:00:00 UTC,
2011-11-01 00:00:00 UTC,
2011-11-02 00:00:00 UTC,
2011-11-03 00:00:00 UTC,
2011-11-04 00:00:00 UTC,
2011-11-05 00:00:00 UTC,
2011-11-06 00:00:00 UTC,
2011-11-07 00:00:00 UTC,
2011-11-08 00:00:00 UTC,
2011-11-09 00:00:00 UTC,
2011-11-10 00:00:00 UTC,
2011-11-11 00:00:00 UTC,
2011-11-12 00:00:00 UTC,
2011-11-13 00:00:00 UTC,
2011-11-14 00:00:00 UTC,
2011-11-15 00:00:00 UTC,
2011-11-16 00:00:00 UTC,
2011-11-17 00:00:00 UTC,
2011-11-18 00:00:00 UTC,
2011-11-19 00:00:00 UTC,
2011-11-20 00:00:00 UTC,
2011-11-21 00:00:00 UTC,
2011-11-22 00:00:00 UTC,
2011-11-23 00:00:00 UTC,
2011-11-24 00:00:00 UTC,
2011-11-25 00:00:00 UTC,
2011-11-26 00:00:00 UTC,
2011-11-27 00:00:00 UTC,
2011-11-28 00:00:00 UTC,
2011-11-29 00:00:00 UTC,
2011-11-30 00:00:00 UTC,
2011-12-01 00:00:00 UTC,
2011-12-02 00:00:00 UTC,23988799.2753563
2011-12-03 00:00:00 UTC,24230335.5219276
2011-12-04 00:00:00 UTC,21708092.9463299
2011-12-05 00:00:00 UTC,21853132.5009636
2011-12-06 00:00:00 UTC,22736167.3599857
2011-12-07 00:00:00 UTC,23554623.8798238
2011-12-08 00:00:00 UTC,23428238.28161
2011-12-09 00:00:00 UTC,23589697.7306024
2011-12-10 00:00:00 UTC,23379839.3550192
2011-12-11 00:00:00 UTC,24267316.6597487
2011-12-12 00:00:00 UTC,25700327.411983
2011-12-13 00:00:00 UTC,25072608.2111523
2011-12-14 00:00:00 UTC,
2011-12-15 00:00:00 UTC,24704148.0382772
2011-12-16 00:00:00 UTC,25279179.0263572
2011-12-17 00:00:00 UTC,25221258.2259247
2011-12-18 00:00:00 UTC,25197172.7021887
2011-12-19 00:00:00 UTC,25277816.4765
2011-12-20 00:00:00 UTC,27709632.8570613
2011-12-21 00:00:00 UTC,31088267.5479574
2011-12-22 00:00:00 UTC,30745372.5041358
2011-12-23 00:00:00 UTC,30673156.6902348
2011-12-24 00:00:00 UTC,31209800.3752946
2011-12-25 00:00:00 UTC,31366200.6694
2011-12-26 00:00:00 UTC,33419466.5748039
2011-12-27 00:00:00 UTC,32067813.8871781
2011-12-28 00:00:00 UTC,32534840.7408099
2011-12-29 00:00:00 UTC,33485618.1846454
2011-12-30 00:00:00 UTC,33581886.8772139
2011-12-31 00:00:00 UTC,33997384.2558188
2012-01-01 00:00:00 UTC,37725699.4019769
2012-01-02 00:00:00 UTC,42224533.7136998
2012-01-03 00:00:00 UTC,41371525.4885089
2012-01-04 00:00:00 UTC,38974170.5680485
2012-01-05 00:00:00 UTC,46568692.6127377
2012-01-06 00:00:00 UTC,56920928.6053632
2012-01-07 00:00:00 UTC,53305004.6286751
2012-01-08 00:00:00 UTC,54647693.5308179
2012-01-09 00:00:00 UTC,57170795.8731835
2012-01-10 00:00:00 UTC,50881610.9939026
2012-01-11 00:00:00 UTC,52631355.6775592
2012-01-12 00:00:00 UTC,55846287.734556
2012-01-13 00:00:00 UTC,54649942.0673414
2012-01-14 00:00:00 UTC,51492779.3155193
2012-01-15 00:00:00 UTC,55583734.1919156
2012-01-16 00:00:00 UTC,56725070.8878685
2012-01-17 00:00:00 UTC,54125616.2040116
2012-01-18 00:00:00 UTC,46899114.5016231
2012-01-19 00:00:00 UTC,48404316.0759212
2012-01-20 00:00:00 UTC,51783723.3939585
2012-01-21 00:00:00 UTC,53043362.8486359
2012-01-22 00:00:00 UTC,50430724.5751415
2012-01-23 00:00:00 UTC,51478970.3765197
2012-01-24 00:00:00 UTC,52142238.3712231
2012-01-25 00:00:00 UTC,51529385.061984
2012-01-26 00:00:00 UTC,47496049.433736
2012-01-27 00:00:00 UTC,44020923.0404807
2012-01-28 00:00:00 UTC,43594948.6231308
2012-01-29 00:00:00 UTC,46271930.5055973
2012-01-30 00:00:00 UTC,44418664.6767588
2012-01-31 00:00:00 UTC,45505037.6296876
2012-02-01 00:00:00 UTC,45589247.6635243
2012-02-02 00:00:00 UTC,50103281.3608901
2012-02-03 00:00:00 UTC,49089070.1777262
2012-02-04 00:00:00 UTC,48961807.3241108
2012-02-05 00:00:00 UTC,48010461.186223
2012-02-06 00:00:00 UTC,45783716.6154159
2012-02-07 00:00:00 UTC,45614206.7454363
2012-02-08 00:00:00 UTC,47290006.9794229
2012-02-09 00:00:00 UTC,46819218.1355351
2012-02-10 00:00:00 UTC,48692597.7743184
2012-02-11 00:00:00 UTC,49184378.7913332
2012-02-12 00:00:00 UTC,46151218.7640493
2012-02-13 00:00:00 UTC,46903332.2523331
2012-02-14 00:00:00 UTC,44300075.1529321
2012-02-15 00:00:00 UTC,37652757.8416775
2012-02-16 00:00:00 UTC,34877010.9055773
2012-02-17 00:00:00 UTC,35897390.3235943
2012-02-18 00:00:00 UTC,36911053.7153777
2012-02-19 00:00:00 UTC,35963278.2303482
2012-02-20 00:00:00 UTC,36809368.7508083
2012-02-21 00:00:00 UTC,36805831.1475907
2012-02-22 00:00:00 UTC,36230554.0918936
2012-02-23 00:00:00 UTC,37672244.9488456
2012-02-24 00:00:00 UTC,42406759.5607692
2012-02-25 00:00:00 UTC,42283690.1061245
2012-02-26 00:00:00 UTC,40361826.0979122
2012-02-27 00:00:00 UTC,41678883.5139594
2012-02-28 00:00:00 UTC,41874753.6775968
2012-02-29 00:00:00 UTC,41073805.2137167
2012-03-01 00:00:00 UTC,41302319.2209364
2012-03-02 00:00:00 UTC,41775301.6951843
2012-03-03 00:00:00 UTC,39918357.457689
2012-03-04 00:00:00 UTC,39376418.8241493
2012-03-05 00:00:00 UTC,41035345.3893081
2012-03-06 00:00:00 UTC,42310233.4890988
2012-03-07 00:00:00 UTC,42427138.708684
2012-03-08 00:00:00 UTC,42186779.0804909
2012-03-09 00:00:00 UTC,41833143.3127241
2012-03-10 00:00:00 UTC,41655368.843713
2012-03-11 00:00:00 UTC,41237034.312542
2012-03-12 00:00:00 UTC,41978188.5478028
2012-03-13 00:00:00 UTC,42023854.9668462
2012-03-14 00:00:00 UTC,45127145.5156371
2012-03-15 00:00:00 UTC,46298456.1237608
2012-03-16 00:00:00 UTC,46041893.4593832
2012-03-17 00:00:00 UTC,45852352.4905166
2012-03-18 00:00:00 UTC,44929797.4995638
2012-03-19 00:00:00 UTC,45438156.2985758
2012-03-20 00:00:00 UTC,40536349.6168498
2012-03-21 00:00:00 UTC,41292830.2663606
2012-03-22 00:00:00 UTC,41556688.3842609
2012-03-23 00:00:00 UTC,40243458.2087615
2012-03-24 00:00:00 UTC,40602427.3033626
2012-03-25 00:00:00 UTC,40269918.434089
2012-03-26 00:00:00 UTC,39508621.5590626
2012-03-27 00:00:00 UTC,39411389.2028255
2012-03-28 00:00:00 UTC,41647411.9099625
2012-03-29 00:00:00 UTC,41263284.4908573
2012-03-30 00:00:00 UTC,41713256.3189049
2012-03-31 00:00:00 UTC,42256302.3480285
2012-04-01 00:00:00 UTC,42628670.5312132
2012-04-02 00:00:00 UTC,41541644.9342761
2012-04-03 00:00:00 UTC,42912060.4094609
2012-04-04 00:00:00 UTC,43113487.9061164
2012-04-05 00:00:00 UTC,42817534.5741973
2012-04-06 00:00:00 UTC,42819334.5458894
2012-04-07 00:00:00 UTC,43204311.1925831
2012-04-08 00:00:00 UTC,40833907.3024385
2012-04-09 00:00:00 UTC,41833464.2129319
2012-04-10 00:00:00 UTC,42444173.9208461
2012-04-11 00:00:00 UTC,42403056.6978733
2012-04-12 00:00:00 UTC,43183799.2619505
2012-04-13 00:00:00 UTC,43087259.0336013
2012-04-14 00:00:00 UTC,43700098.8941573
2012-04-15 00:00:00 UTC,43513735.2436364
2012-04-16 00:00:00 UTC,43561031.1051539
2012-04-17 00:00:00 UTC,43594915.330974
2012-04-18 00:00:00 UTC,44157402.9922254
2012-04-19 00:00:00 UTC,45373235.9972322
2012-04-20 00:00:00 UTC,45485741.8924046
2012-04-21 00:00:00 UTC,47470320.9126018
2012-04-22 00:00:00 UTC,46588238.2653351
2012-04-23 00:00:00 UTC,45971122.9563704
2012-04-24 00:00:00 UTC,44263951.9999618
2012-04-25 00:00:00 UTC,45179504.576
2012-04-26 00:00:00 UTC,45705192.5575578
2012-04-27 00:00:00 UTC,45200946.6760149
2012-04-28 00:00:00 UTC,45257797.9617974
2012-04-29 00:00:00 UTC,43653827.3646562
2012-04-30 00:00:00 UTC,43614571.4049332
2012-05-01 00:00:00 UTC,44012557.5073701
2012-05-02 00:00:00 UTC,45011804.5062118
2012-05-03 00:00:00 UTC,45044461.3167545
2012-05-04 00:00:00 UTC,45869434.5068192
2012-05-05 00:00:00 UTC,45413926.0025878
2012-05-06 00:00:00 UTC,45274287.0990416
2012-05-07 00:00:00 UTC,44796294.7577897
2012-05-08 00:00:00 UTC,45468189.9024621
2012-05-09 00:00:00 UTC,45125091.8959942
2012-05-10 00:00:00 UTC,45324069.7489495
2012-05-11 00:00:00 UTC,43895490.9614379
2012-05-12 00:00:00 UTC,44480063.1568919
2012-05-13 00:00:00 UTC,44628692.0442659
2012-05-14 00:00:00 UTC,44472746.8200372
2012-05-15 00:00:00 UTC,45129556.7180553
2012-05-16 00:00:00 UTC,45352836.0912479
2012-05-17 00:00:00 UTC,45921380.9738561
2012-05-18 00:00:00 UTC,45958701.8501324
2012-05-19 00:00:00 UTC,46265934.8329266
2012-05-20 00:00:00 UTC,46303162.6764257
2012-05-21 00:00:00 UTC,46130155.7578096
2012-05-22 00:00:00 UTC,46170570.5492606
2012-05-23 00:00:00 UTC,46199097.3857967
2012-05-24 00:00:00 UTC,46377850.7824022
2012-05-25 00:00:00 UTC,46486235.7036965
2012-05-26 00:00:00 UTC,46538571.3330681
2012-05-27 00:00:00 UTC,46421463.5608748
2012-05-28 00:00:00 UTC,46620822.1913438
2012-05-29 00:00:00 UTC,46620252.3543318
2012-05-30 00:00:00 UTC,46697581.4091618
2012-05-31 00:00:00 UTC,46800627.5200074
2012-06-01 00:00:00 UTC,47467895.0899116
2012-06-02 00:00:00 UTC,47998546.6345602
2012-06-03 00:00:00 UTC,47836777.3299251
2012-06-04 00:00:00 UTC,47637021.2704991
2012-06-05 00:00:00 UTC,48537658.0424599
2012-06-06 00:00:00 UTC,49837951.3441684
2012-06-07 00:00:00 UTC,50081527.8770769
2012-06-08 00:00:00 UTC,51234849.0084839
2012-06-09 00:00:00 UTC,51697549.8364264
2012-06-10 00:00:00 UTC,51019723.9678465
2012-06-11 00:00:00 UTC,50328091.4731488
2012-06-12 00:00:00 UTC,50854676.2579837
2012-06-13 00:00:00 UTC,52737876.1569552
2012-06-14 00:00:00 UTC,54600515.6465253
2012-06-15 00:00:00 UTC,54659350.9775477
2012-06-16 00:00:00 UTC,59149377.853873
2012-06-17 00:00:00 UTC,59559470.3754025
2012-06-18 00:00:00 UTC,56947618.3897965
2012-06-19 00:00:00 UTC,58339863.7046609
2012-06-20 00:00:00 UTC,60236354.7903107
2012-06-21 00:00:00 UTC,62310127.2324793
2012-06-22 00:00:00 UTC,61895038.3164598
2012-06-23 00:00:00 UTC,61042681.5736126
2012-06-24 00:00:00 UTC,59820606.4160002
2012-06-25 00:00:00 UTC,59087380.2424992
2012-06-26 00:00:00 UTC,58619315.0834497
2012-06-27 00:00:00 UTC,59902282.9266039
2012-06-28 00:00:00 UTC,61535933.1283955
2012-06-29 00:00:00 UTC,61565727.4597222
2012-06-30 00:00:00 UTC,61778172.7694568
2012-07-01 00:00:00 UTC,62383515.8899915
2012-07-02 00:00:00 UTC,62058462.9621506
2012-07-03 00:00:00 UTC,63021602.1316925
2012-07-04 00:00:00 UTC,60786704.2626908
2012-07-05 00:00:00 UTC,61058469.6072359
2012-07-06 00:00:00 UTC,62334405.7270715
2012-07-07 00:00:00 UTC,62907194.2606733
2012-07-08 00:00:00 UTC,63507279.8258665
2012-07-09 00:00:00 UTC,64089595.6764593
2012-07-10 00:00:00 UTC,66435923.9844079
2012-07-11 00:00:00 UTC,67868531.9682651
2012-07-12 00:00:00 UTC,67763297.6329098
2012-07-13 00:00:00 UTC,71966612.432697
2012-07-14 00:00:00 UTC,72189646.6739069
2012-07-15 00:00:00 UTC,71139584.4528368
2012-07-16 00:00:00 UTC,72508065.5241956
2012-07-17 00:00:00 UTC,82242400.8995827
2012-07-18 00:00:00 UTC,84335218.1304914
2012-07-19 00:00:00 UTC,86639905.3712236
2012-07-20 00:00:00 UTC,78461412.3289696
2012-07-21 00:00:00 UTC,78632333.8140345
2012-07-22 00:00:00 UTC,83239551.5628593
2012-07-23 00:00:00 UTC,77169073.2950653
2012-07-24 00:00:00 UTC,81510404.7519624
2012-07-25 00:00:00 UTC,81378440.1905604
2012-07-26 00:00:00 UTC,83137371.0064394
2012-07-27 00:00:00 UTC,85114764.6005945
2012-07-28 00:00:00 UTC,85103506.189066
2012-07-29 00:00:00 UTC,84598255.7112584
2012-07-30 00:00:00 UTC,83724817.0465974
2012-07-31 00:00:00 UTC,87060375.9080196
2012-08-01 00:00:00 UTC,89492402.2409886
2012-08-02 00:00:00 UTC,91661039.5432001
2012-08-03 00:00:00 UTC,101992788.473926
2012-08-04 00:00:00 UTC,102912688.882602
2012-08-05 00:00:00 UTC,101125523.756075
2012-08-06 00:00:00 UTC,103317874.636919
2012-08-07 00:00:00 UTC,103951801.576423
2012-08-08 00:00:00 UTC,107082320.128592
2012-08-09 00:00:00 UTC,106710723.06358
2012-08-10 00:00:00 UTC,107963291.606388
2012-08-11 00:00:00 UTC,110928044.77979
2012-08-12 00:00:00 UTC,111399222.368445
2012-08-13 00:00:00 UTC,113296533.073038
2012-08-14 00:00:00 UTC,116523615.095891
2012-08-15 00:00:00 UTC,118543575.749229
2012-08-16 00:00:00 UTC,129385503.704257
2012-08-17 00:00:00 UTC,131620111.606513
2012-08-18 00:00:00 UTC,114841187.496863
2012-08-19 00:00:00 UTC,111575481.463379
2012-08-20 00:00:00 UTC,83922992.8398322
2012-08-21 00:00:00 UTC,97266835.8835833
2012-08-22 00:00:00 UTC,97705759.7453336
2012-08-23 00:00:00 UTC,96033479.1617666
2012-08-24 00:00:00 UTC,98662026.7711601
2012-08-25 00:00:00 UTC,103065922.905704
2012-08-26 00:00:00 UTC,103448756.547049
2012-08-27 00:00:00 UTC,103826846.708605
2012-08-28 00:00:00 UTC,107181888.966093
2012-08-29 00:00:00 UTC,106972369.152176
2012-08-30 00:00:00 UTC,106803740.28
2012-08-31 00:00:00 UTC,105561854.320347
2012-09-01 00:00:00 UTC,100001798.88447
2012-09-02 00:00:00 UTC,97889719.9739602
2012-09-03 00:00:00 UTC,100365153.240158
2012-09-04 00:00:00 UTC,103461876.276389
2012-09-05 00:00:00 UTC,102123862.233671
2012-09-06 00:00:00 UTC,108018082.520133
2012-09-07 00:00:00 UTC,109946814.284336
2012-09-08 00:00:00 UTC,108883291.020639
2012-09-09 00:00:00 UTC,109571251.855637
2012-09-10 00:00:00 UTC,109582294.600222
2012-09-11 00:00:00 UTC,110343786.279019
2012-09-12 00:00:00 UTC,109499642.734843
2012-09-13 00:00:00 UTC,112326834.596031
2012-09-14 00:00:00 UTC,112915304.85713
2012-09-15 00:00:00 UTC,116229526.424743
2012-09-16 00:00:00 UTC,117638485.288754
2012-09-17 00:00:00 UTC,118571501.256495
2012-09-18 00:00:00 UTC,118611428.767555
2012-09-19 00:00:00 UTC,121845390.105296
2012-09-20 00:00:00 UTC,125470401.152796
2012-09-21 00:00:00 UTC,123598724.591852
2012-09-22 00:00:00 UTC,123103986.912725
2012-09-23 00:00:00 UTC,121962758.661441
2012-09-24 00:00:00 UTC,122379976.711383
2012-09-25 00:00:00 UTC,121004368.591201
2012-09-26 00:00:00 UTC,121257168.385405
2012-09-27 00:00:00 UTC,123813695.499824
2012-09-28 00:00:00 UTC,123513458.499796
2012-09-29 00:00:00 UTC,124598034.539253
2012-09-30 00:00:00 UTC,124599299.532853
2012-10-01 00:00:00 UTC,124700183.048077
2012-10-02 00:00:00 UTC,124820862.784414
2012-10-03 00:00:00 UTC,128781037.741832
2012-10-04 00:00:00 UTC,130571680.465654
2012-10-05 00:00:00 UTC,130152666.396245
2012-10-06 00:00:00 UTC,129263331.773352
2012-10-07 00:00:00 UTC,125372087.83942
2012-10-08 00:00:00 UTC,120273423.883196
2012-10-09 00:00:00 UTC,119682520.283886
2012-10-10 00:00:00 UTC,120465511.291396
2012-10-11 00:00:00 UTC,122901542.200635
2012-10-12 00:00:00 UTC,122769568.395123
2012-10-13 00:00:00 UTC,121790316.647933
2012-10-14 00:00:00 UTC,121012155.711357
2012-10-15 00:00:00 UTC,119000032.178922
2012-10-16 00:00:00 UTC,121374129.920253
2012-10-17 00:00:00 UTC,120803304.481424
2012-10-18 00:00:00 UTC,121455498.65642
2012-10-19 00:00:00 UTC,121550953.15701
2012-10-20 00:00:00 UTC,119987652.540579
2012-10-21 00:00:00 UTC,119705738.600953
2012-10-22 00:00:00 UTC,119014722.015636
2012-10-23 00:00:00 UTC,119949467.503895
2012-10-24 00:00:00 UTC,119765091.546833
2012-10-25 00:00:00 UTC,118790262.983139
2012-10-26 00:00:00 UTC,110974571.506751
2012-10-27 00:00:00 UTC,104178333.734096
2012-10-28 00:00:00 UTC,105939427.524493
2012-10-29 00:00:00 UTC,110609196.49491
2012-10-30 00:00:00 UTC,106145970.34959
2012-10-31 00:00:00 UTC,112386490.705083
2012-11-01 00:00:00 UTC,114302412.673681
2012-11-02 00:00:00 UTC,109698855.257862
2012-11-03 00:00:00 UTC,107570228.485442
2012-11-04 00:00:00 UTC,109589703.522267
2012-11-05 00:00:00 UTC,111462264.597853
2012-11-06 00:00:00 UTC,110707039.958111
2012-11-07 00:00:00 UTC,112142151.248556
2012-11-08 00:00:00 UTC,112971625.708459
2012-11-09 00:00:00 UTC,112653692.274511
2012-11-10 00:00:00 UTC,112184175.03358
2012-11-11 00:00:00 UTC,112690223.811263
2012-11-12 00:00:00 UTC,112371711.111361
2012-11-13 00:00:00 UTC,114753490.76406
2012-11-14 00:00:00 UTC,114188805.850176
2012-11-15 00:00:00 UTC,114410837.547514
2012-11-16 00:00:00 UTC,116573442.240249
2012-11-17 00:00:00 UTC,121958412.638459
2012-11-18 00:00:00 UTC,122581810.877796
2012-11-19 00:00:00 UTC,121385112.203425
2012-11-20 00:00:00 UTC,122246919.826292
2012-11-21 00:00:00 UTC,122519439.251605
2012-11-22 00:00:00 UTC,122665861.127739
2012-11-23 00:00:00 UTC,128214247.705065
2012-11-24 00:00:00 UTC,129160644.665502
2012-11-25 00:00:00 UTC,129795379.747247
2012-11-26 00:00:00 UTC,130933495.822909
2012-11-27 00:00:00 UTC,127725398.308572
2012-11-28 00:00:00 UTC,127974958.769198
2012-11-29 00:00:00 UTC,129273273.838355
2012-11-30 00:00:00 UTC,131500281.331851
2012-12-01 00:00:00 UTC,132031310.971586
2012-12-02 00:00:00 UTC,132271911.204403
2012-12-03 00:00:00 UTC,131640204.306382
2012-12-04 00:00:00 UTC,132958381.91627
2012-12-05 00:00:00 UTC,139805154.460732
2012-12-06 00:00:00 UTC,139668126.8181
2012-12-07 00:00:00 UTC,138202852.034447
2012-12-08 00:00:00 UTC,141624106.09558
2012-12-09 00:00:00 UTC,141394604.751581
2012-12-10 00:00:00 UTC,140470555.958933
2012-12-11 00:00:00 UTC,140854440.721468
2012-12-12 00:00:00 UTC,142994484.721656
2012-12-13 00:00:00 UTC,144352533.115367
2012-12-14 00:00:00 UTC,144178363.013356
2012-12-15 00:00:00 UTC,143116237.154941
2012-12-16 00:00:00 UTC,142962973.551294
2012-12-17 00:00:00 UTC,141018547.303421
2012-12-18 00:00:00 UTC,140589522.279176
2012-12-19 00:00:00 UTC,139968510.423716
2012-12-20 00:00:00 UTC,143386598.776528
2012-12-21 00:00:00 UTC,142862124.675311
2012-12-22 00:00:00 UTC,142203921.267627
2012-12-23 00:00:00 UTC,139654435.576927
2012-12-24 00:00:00 UTC,140362937.306068
2012-12-25 00:00:00 UTC,141467005.583672
2012-12-26 00:00:00 UTC,141480220.317394
2012-12-27 00:00:00 UTC,141772699.591653
2012-12-28 00:00:00 UTC,142039104.831027
2012-12-29 00:00:00 UTC,143550018.939353
2012-12-30 00:00:00 UTC,141752673.145887
2012-12-31 00:00:00 UTC,142880812.437932
2013-01-01 00:00:00 UTC,143547800.059004
2013-01-02 00:00:00 UTC,141357457.690132
2013-01-03 00:00:00 UTC,141274605.187935
2013-01-04 00:00:00 UTC,141830895.604897
2013-01-05 00:00:00 UTC,143229884.768402
2013-01-06 00:00:00 UTC,142703385.733586
2013-01-07 00:00:00 UTC,142915413.114914
2013-01-08 00:00:00 UTC,144045858.329932
2013-01-09 00:00:00 UTC,145528768.116797
2013-01-10 00:00:00 UTC,146904268.447301
2013-01-11 00:00:00 UTC,150122736.772004
2013-01-12 00:00:00 UTC,151100231.389452
2013-01-13 00:00:00 UTC,151539859.634341
2013-01-14 00:00:00 UTC,150530371.964545
2013-01-15 00:00:00 UTC,152430032.001631
2013-01-16 00:00:00 UTC,151953568.357652
2013-01-17 00:00:00 UTC,156719130.633538
2013-01-18 00:00:00 UTC,167309643.913261
2013-01-19 00:00:00 UTC,167731365.018488
2013-01-20 00:00:00 UTC,166089509.843072
2013-01-21 00:00:00 UTC,167251705.985075
2013-01-22 00:00:00 UTC,179699041.427186
2013-01-23 00:00:00 UTC,185822655.67116
2013-01-24 00:00:00 UTC,189602539.209536
2013-01-25 00:00:00 UTC,177437832.186013
2013-01-26 00:00:00 UTC,184220937.483947
2013-01-27 00:00:00 UTC,188406653.726558
2013-01-28 00:00:00 UTC,190843505.724124
2013-01-29 00:00:00 UTC,200916018.344004
2013-01-30 00:00:00 UTC,207905967.659471
2013-01-31 00:00:00 UTC,211241498.24597
2013-02-01 00:00:00 UTC,221354797.06466
2013-02-02 00:00:00 UTC,217805491.133143
2013-02-03 00:00:00 UTC,210367979.299111
2013-02-04 00:00:00 UTC,220856770.933267
2013-02-05 00:00:00 UTC,220961270.946873
2013-02-06 00:00:00 UTC,222550016.278926
2013-02-07 00:00:00 UTC,225165225.962532
2013-02-08 00:00:00 UTC,238085821.581303
2013-02-09 00:00:00 UTC,243656637.141708
2013-02-10 00:00:00 UTC,255719343.978945
2013-02-11 00:00:00 UTC,257613083.874167
2013-02-12 00:00:00 UTC,263055549.011025
2013-02-13 00:00:00 UTC,271384982.346924
2013-02-14 00:00:00 UTC,248300232.860896
2013-02-15 00:00:00 UTC,292823498.428074
2013-02-16 00:00:00 UTC,293077352.258153
2013-02-17 00:00:00 UTC,294758763.649343
2013-02-18 00:00:00 UTC,288278773.426112
2013-02-19 00:00:00 UTC,290758177.254278
2013-02-20 00:00:00 UTC,317245296.47824
2013-02-21 00:00:00 UTC,321579668.236862
2013-02-22 00:00:00 UTC,321969271.790618
2013-02-23 00:00:00 UTC,327386747.222538
2013-02-24 00:00:00 UTC,320768382.793311
2013-02-25 00:00:00 UTC,322277706.180888
2013-02-26 00:00:00 UTC,328029759.102747
2013-02-27 00:00:00 UTC,335621477.78103
2013-02-28 00:00:00 UTC,345770431.590879
2013-03-01 00:00:00 UTC,361414831.667436
2013-03-02 00:00:00 UTC,374454386.332447
2013-03-03 00:00:00 UTC,371423708.999224
2013-03-04 00:00:00 UTC,373199293.542845
2013-03-05 00:00:00 UTC,394833603.851441
2013-03-06 00:00:00 UTC,441753078.421856
2013-03-07 00:00:00 UTC,408468604.911594
2013-03-08 00:00:00 UTC,455764260.675032
2013-03-09 00:00:00 UTC,477117119.971238
2013-03-10 00:00:00 UTC,508454256.098544
2013-03-11 00:00:00 UTC,503256460.750122
2013-03-12 00:00:00 UTC,520243534.470661
2013-03-13 00:00:00 UTC,482307048.195179
2013-03-14 00:00:00 UTC,511690121.473156
2013-03-15 00:00:00 UTC,512270485.644663
2013-03-16 00:00:00 UTC,509630826.19202
2013-03-17 00:00:00 UTC,514708707.020038
2013-03-18 00:00:00 UTC,518116118.47298
2013-03-19 00:00:00 UTC,553384600.77048
2013-03-20 00:00:00 UTC,648237411.159685
2013-03-21 00:00:00 UTC,701333072.787429
2013-03-22 00:00:00 UTC,775657272.496863
2013-03-23 00:00:00 UTC,763872659.20549
2013-03-24 00:00:00 UTC,695761431.909214
2013-03-25 00:00:00 UTC,771313465.830268
2013-03-26 00:00:00 UTC,807901250.24097
2013-03-27 00:00:00 UTC,861960120.820792
2013-03-28 00:00:00 UTC,977326827.559344
2013-03-29 00:00:00 UTC,939154793.791588
2013-03-30 00:00:00 UTC,985428849.752787
2013-03-31 00:00:00 UTC,1011519644.93086
2013-04-01 00:00:00 UTC,1022723777.24701
2013-04-02 00:00:00 UTC,1135801555.55961
2013-04-03 00:00:00 UTC,1286178962.88174
2013-04-04 00:00:00 UTC,1405466891.73058
2013-04-05 00:00:00 UTC,1447061078.51787
2013-04-06 00:00:00 UTC,1563287304.01103
2013-04-07 00:00:00 UTC,1574034893.62783
2013-04-08 00:00:00 UTC,1821131511.43187
2013-04-09 00:00:00 UTC,2070397108.20906
2013-04-10 00:00:00 UTC,2528043063.72031
2013-04-11 00:00:00 UTC,1921097022.00903
2013-04-12 00:00:00 UTC,853506380.64593
2013-04-13 00:00:00 UTC,1336583924.29872
2013-04-14 00:00:00 UTC,1030348016.53485
2013-04-15 00:00:00 UTC,1009371371.67816
2013-04-16 00:00:00 UTC,890441691.406002
2013-04-17 00:00:00 UTC,734815192.038055
2013-04-18 00:00:00 UTC,1036515879.6994
2013-04-19 00:00:00 UTC,1195806241.63071
2013-04-20 00:00:00 UTC,1299190088.1643
2013-04-21 00:00:00 UTC,1420245273.11815
2013-04-22 00:00:00 UTC,1343625826.1952
2013-04-23 00:00:00 UTC,1407694855.9494
2013-04-24 00:00:00 UTC,1578200748.5847
2013-04-25 00:00:00 UTC,1715119392.88966
2013-04-26 00:00:00 UTC,1563967729.96268
2013-04-27 00:00:00 UTC,1516413811.82977
2013-04-28 00:00:00 UTC,1440145778.19064
2013-04-29 00:00:00 UTC,1494181859.24326
2013-04-30 00:00:00 UTC,1592136659.26778
2013-05-01 00:00:00 UTC,1538820977.13099
2013-05-02 00:00:00 UTC,1259826270.20672
2013-05-03 00:00:00 UTC,1173671905.72751
2013-05-04 00:00:00 UTC,1069055994.81511
2013-05-05 00:00:00 UTC,1249768086.22779
2013-05-06 00:00:00 UTC,1290681543.25001
2013-05-07 00:00:00 UTC,1244202286.95081
2013-05-08 00:00:00 UTC,1227555249.11115
2013-05-09 00:00:00 UTC,1244843694.77509
2013-05-10 00:00:00 UTC,1248393721.69873
2013-05-11 00:00:00 UTC,1309914793.5348
2013-05-12 00:00:00 UTC,1288682344.90513
2013-05-13 00:00:00 UTC,1285471628.65346
2013-05-14 00:00:00 UTC,1308994072.19678
2013-05-15 00:00:00 UTC,1189733753.43153
2013-05-16 00:00:00 UTC,1275367834.50306
2013-05-17 00:00:00 UTC,1313156890.13618
2013-05-18 00:00:00 UTC,1371261122.24379
2013-05-19 00:00:00 UTC,1374311993.06729
2013-05-20 00:00:00 UTC,1364659702.60842
2013-05-21 00:00:00 UTC,1362000380.43917
2013-05-22 00:00:00 UTC,1366570955.86735
2013-05-23 00:00:00 UTC,1378087271.53618
2013-05-24 00:00:00 UTC,1411695063.075
2013-05-25 00:00:00 UTC,1482236296.9054
2013-05-26 00:00:00 UTC,1468897301.85433
2013-05-27 00:00:00 UTC,1493866771.4782
2013-05-28 00:00:00 UTC,1443834604.95075
2013-05-29 00:00:00 UTC,1446932181.09278
2013-05-30 00:00:00 UTC,1473831151.81967
2013-05-31 00:00:00 UTC,1434555287.95072
2013-06-01 00:00:00 UTC,1446267139.93814
2013-06-02 00:00:00 UTC,1446705184.39607
2013-06-03 00:00:00 UTC,1362543440.37513
2013-06-04 00:00:00 UTC,1368926452.69496
2013-06-05 00:00:00 UTC,1363341353.69526
2013-06-06 00:00:00 UTC,1367562551.55363
2013-06-07 00:00:00 UTC,1330393889.14637
2013-06-08 00:00:00 UTC,1245580594.30799
2013-06-09 00:00:00 UTC,1222720811.31955
2013-06-10 00:00:00 UTC,1126093572.7579
2013-06-11 00:00:00 UTC,1190629436.76434
2013-06-12 00:00:00 UTC,1216195258.97051
2013-06-13 00:00:00 UTC,1224422364.78362
2013-06-14 00:00:00 UTC,1159763177.06534
2013-06-15 00:00:00 UTC,1113297565.74336
2013-06-16 00:00:00 UTC,1129435671.99152
2013-06-17 00:00:00 UTC,1123868070.34669
2013-06-18 00:00:00 UTC,1147340484.90881
2013-06-19 00:00:00 UTC,1198047611.0242
2013-06-20 00:00:00 UTC,1221219009.13612
2013-06-21 00:00:00 UTC,1241432315.95365
2013-06-22 00:00:00 UTC,1229945480.75057
2013-06-23 00:00:00 UTC,1211299824.16991
2013-06-24 00:00:00 UTC,1210681915.05715
2013-06-25 00:00:00 UTC,1157210766.96271
2013-06-26 00:00:00 UTC,1162767121.3104
2013-06-27 00:00:00 UTC,1167385482.60124
2013-06-28 00:00:00 UTC,1137022002.12745
2013-06-29 00:00:00 UTC,1057444933.1166
2013-06-30 00:00:00 UTC,1066725923.43312
2013-07-01 00:00:00 UTC,1093685096.27369
2013-07-02 00:00:00 UTC,1007627460.8489
2013-07-03 00:00:00 UTC,1025571557.64024
2013-07-04 00:00:00 UTC,905359546.546796
2013-07-05 00:00:00 UTC,902285341.12546
2013-07-06 00:00:00 UTC,773265118.584779
2013-07-07 00:00:00 UTC,775394171.140669
2013-07-08 00:00:00 UTC,858641636.734526
2013-07-09 00:00:00 UTC,865933731.571383
2013-07-10 00:00:00 UTC,870618327.702464
2013-07-11 00:00:00 UTC,1011310252.31767
2013-07-12 00:00:00 UTC,1011809973.37444
2013-07-13 00:00:00 UTC,1044914609.04635
2013-07-14 00:00:00 UTC,1100701429.89297
2013-07-15 00:00:00 UTC,1059826424.93388
2013-07-16 00:00:00 UTC,1117914095.68124
2013-07-17 00:00:00 UTC,1106013590.14138
2013-07-18 00:00:00 UTC,1108911666.13364
2013-07-19 00:00:00 UTC,1024998359.51483
2013-07-20 00:00:00 UTC,1041521403.76994
2013-07-21 00:00:00 UTC,1016144860.13582
2013-07-22 00:00:00 UTC,1033191588.91267
2013-07-23 00:00:00 UTC,1044036973.79845
2013-07-24 00:00:00 UTC,1079276588.75517
2013-07-25 00:00:00 UTC,1076504976.91376
2013-07-26 00:00:00 UTC,1095923217.94228
2013-07-27 00:00:00 UTC,1091846738.88663
2013-07-28 00:00:00 UTC,1071063868.25861
2013-07-29 00:00:00 UTC,1134167805.33189
2013-07-30 00:00:00 UTC,1143819749.22044
2013-07-31 00:00:00 UTC,1206850953.60759
2013-08-01 00:00:00 UTC,1200964660.64039
2013-08-02 00:00:00 UTC,1183078594.43625
2013-08-03 00:00:00 UTC,1179864756.60004
2013-08-04 00:00:00 UTC,1182786353.1168
2013-08-05 00:00:00 UTC,1191810971.82812
2013-08-06 00:00:00 UTC,1208952574.10495
2013-08-07 00:00:00 UTC,1207210500.58509
2013-08-08 00:00:00 UTC,1202733955.78247
2013-08-09 00:00:00 UTC,1179499160.59524
2013-08-10 00:00:00 UTC,1162868353.62586
2013-08-11 00:00:00 UTC,1167480165.70046
2013-08-12 00:00:00 UTC,1183330986.22128
2013-08-13 00:00:00 UTC,1199557395.43303
2013-08-14 00:00:00 UTC,1227119972.6893
2013-08-15 00:00:00 UTC,1269499749.37178
2013-08-16 00:00:00 UTC,1232243481.91666
2013-08-17 00:00:00 UTC,1228512765.43816
2013-08-18 00:00:00 UTC,1265103859.86451
2013-08-19 00:00:00 UTC,1279763704.13545
2013-08-20 00:00:00 UTC,1335461477.68309
2013-08-21 00:00:00 UTC,1386648179.21748
2013-08-22 00:00:00 UTC,1379915001.24747
2013-08-23 00:00:00 UTC,1381197830.52128
2013-08-24 00:00:00 UTC,1350006061.22198
2013-08-25 00:00:00 UTC,1361506459.87418
2013-08-26 00:00:00 UTC,1391376242.32543
2013-08-27 00:00:00 UTC,1384760124.77188
2013-08-28 00:00:00 UTC,1489041242.50543
2013-08-29 00:00:00 UTC,1460633337.86003
2013-08-30 00:00:00 UTC,1466084382.70376
2013-08-31 00:00:00 UTC,1571735758.19102
2013-09-01 00:00:00 UTC,1590337461.0415
2013-09-02 00:00:00 UTC,1604892505.53965
2013-09-03 00:00:00 UTC,1642395790.9765
2013-09-04 00:00:00 UTC,1634998776.90769
2013-09-05 00:00:00 UTC,1489200882.45409
2013-09-06 00:00:00 UTC,1504819502.79098
2013-09-07 00:00:00 UTC,1403524229.84624
2013-09-08 00:00:00 UTC,1474113562.8489
2013-09-09 00:00:00 UTC,1450002862.80323
2013-09-10 00:00:00 UTC,1511656382.85491
2013-09-11 00:00:00 UTC,1550732429.95786
2013-09-12 00:00:00 UTC,1650419252.96215
2013-09-13 00:00:00 UTC,1602336693.68459
2013-09-14 00:00:00 UTC,1607255837.08088
2013-09-15 00:00:00 UTC,1557089801.01051
2013-09-16 00:00:00 UTC,1582191840.26223
2013-09-17 00:00:00 UTC,1587731536.24497
2013-09-18 00:00:00 UTC,1593260934.51351
2013-09-19 00:00:00 UTC,1588983314.12031
2013-09-20 00:00:00 UTC,1545637493.25117
2013-09-21 00:00:00 UTC,1521788210.5403
2013-09-22 00:00:00 UTC,1531517362.30866
2013-09-23 00:00:00 UTC,1537870859.22263
2013-09-24 00:00:00 UTC,1531047326.71059
2013-09-25 00:00:00 UTC,1546063528.60568
2013-09-26 00:00:00 UTC,1552513977.83204
2013-09-27 00:00:00 UTC,1567969935.9117
2013-09-28 00:00:00 UTC,1592149039.7675
2013-09-29 00:00:00 UTC,1633411531.33912
2013-09-30 00:00:00 UTC,1642144287.11649
2013-10-01 00:00:00 UTC,1637790669.78614
2013-10-02 00:00:00 UTC,1607901717.18733
2013-10-03 00:00:00 UTC,1383862637.52073
2013-10-04 00:00:00 UTC,1491627032.42918
2013-10-05 00:00:00 UTC,1566754630.70982
2013-10-06 00:00:00 UTC,1567157441.60117
2013-10-07 00:00:00 UTC,1565723381.77521
2013-10-08 00:00:00 UTC,1566436131.02631
2013-10-09 00:00:00 UTC,1581409708.02412
2013-10-10 00:00:00 UTC,1586013088.87264
2013-10-11 00:00:00 UTC,1596568310.27709
2013-10-12 00:00:00 UTC,1597506456.47675
2013-10-13 00:00:00 UTC,1614587363.69133
2013-10-14 00:00:00 UTC,1674060972.45112
2013-10-15 00:00:00 UTC,1719159705.67971
2013-10-16 00:00:00 UTC,1797153572.18513
2013-10-17 00:00:00 UTC,1748445818.13764
2013-10-18 00:00:00 UTC,1809511930.90474
2013-10-19 00:00:00 UTC,1925963595.73571
2013-10-20 00:00:00 UTC,2109678879.52242
2013-10-21 00:00:00 UTC,2138469081.5045
2013-10-22 00:00:00 UTC,2238546093.69243
2013-10-23 00:00:00 UTC,2361968867.90681
2013-10-24 00:00:00 UTC,2607342405.45161
2013-10-25 00:00:00 UTC,2383822413.1735
2013-10-26 00:00:00 UTC,2276337752.18513
2013-10-27 00:00:00 UTC,2227821145.72404
2013-10-28 00:00:00 UTC,2391412308.05177
2013-10-29 00:00:00 UTC,2412733695.35442
2013-10-30 00:00:00 UTC,2504193748.43409
2013-10-31 00:00:00 UTC,2437351234.15133
2013-11-01 00:00:00 UTC,2486619857.54517
2013-11-02 00:00:00 UTC,2494145064.69916
2013-11-03 00:00:00 UTC,2504422127.94091
2013-11-04 00:00:00 UTC,2610831095.34732
2013-11-05 00:00:00 UTC,2783169902.35494
2013-11-06 00:00:00 UTC,2981409917.94089
2013-11-07 00:00:00 UTC,3170665949.17054
2013-11-08 00:00:00 UTC,3631095518.61458
2013-11-09 00:00:00 UTC,4185816369.49725
2013-11-10 00:00:00 UTC,4117780602.85716
2013-11-11 00:00:00 UTC,3962847700.32391
2013-11-12 00:00:00 UTC,4283687262.7138
2013-11-13 00:00:00 UTC,4463268921.93731
2013-11-14 00:00:00 UTC,5101880958.6295
2013-11-15 00:00:00 UTC,5149125002.13559
2013-11-16 00:00:00 UTC,5125430289.57957
2013-11-17 00:00:00 UTC,5431107509.26693
2013-11-18 00:00:00 UTC,6098881121.02414
2013-11-19 00:00:00 UTC,9135493000.19814
2013-11-20 00:00:00 UTC,6806618322.63648
2013-11-21 00:00:00 UTC,7414429156.39929
2013-11-22 00:00:00 UTC,8892996854.58425
2013-11-23 00:00:00 UTC,9666792806.72494
2013-11-24 00:00:00 UTC,10000439043.6631
2013-11-25 00:00:00 UTC,9655016250.61257
2013-11-26 00:00:00 UTC,9920489486.90791
2013-11-27 00:00:00 UTC,11352668946.4354
2013-11-28 00:00:00 UTC,12489738825.3749
2013-11-29 00:00:00 UTC,12651727072.5856
2013-11-30 00:00:00 UTC,14137022541.9104
2013-12-01 00:00:00 UTC,14150280346.0461
2013-12-02 00:00:00 UTC,12073017393.7582
2013-12-03 00:00:00 UTC,12914198733.2509
2013-12-04 00:00:00 UTC,13532135692.6075
2013-12-05 00:00:00 UTC,14362417107.1949
2013-12-06 00:00:00 UTC,12753539014.0624
2013-12-07 00:00:00 UTC,10281780675.0295
2013-12-08 00:00:00 UTC,8513158972.69137
2013-12-09 00:00:00 UTC,9589798301.60166
2013-12-10 00:00:00 UTC,11267569850.4165
2013-12-11 00:00:00 UTC,12333567583.225
2013-12-12 00:00:00 UTC,10973708858.6426
2013-12-13 00:00:00 UTC,10699851091.0009
2013-12-14 00:00:00 UTC,11031453894.8732
2013-12-15 00:00:00 UTC,10680778331.175
2013-12-16 00:00:00 UTC,10749166722.7989
2013-12-17 00:00:00 UTC,8743969390.85718
2013-12-18 00:00:00 UTC,8300510103.23223
2013-12-19 00:00:00 UTC,6561488449.28762
2013-12-20 00:00:00 UTC,8316324954.7638
2013-12-21 00:00:00 UTC,7736397325.93458
2013-12-22 00:00:00 UTC,7448338702.89055
2013-12-23 00:00:00 UTC,7667837404.79956
2013-12-24 00:00:00 UTC,8436067349.40855
2013-12-25 00:00:00 UTC,8241569815.36679
2013-12-26 00:00:00 UTC,8587353734.03471
2013-12-27 00:00:00 UTC,9621760102.27357
2013-12-28 00:00:00 UTC,9289789643.13432
2013-12-29 00:00:00 UTC,9094578860.61534
2013-12-30 00:00:00 UTC,9256448656.313
2013-12-31 00:00:00 UTC,9396380540.12161
2014-01-01 00:00:00 UTC,9493229800.62911
2014-01-02 00:00:00 UTC,9596835319.45895
2014-01-03 00:00:00 UTC,10111154732.3509
2014-01-04 00:00:00 UTC,10260470413.8327
2014-01-05 00:00:00 UTC,10898093432.1439
2014-01-06 00:00:00 UTC,11855167268.4162
2014-01-07 00:00:00 UTC,11934551252.9803
2014-01-08 00:00:00 UTC,10176460227.9498
2014-01-09 00:00:00 UTC,10901279331.1193
2014-01-10 00:00:00 UTC,10745187083.7258
2014-01-11 00:00:00 UTC,11078040952.9197
2014-01-12 00:00:00 UTC,11772041011.9151
2014-01-13 00:00:00 UTC,10850232453.1577
2014-01-14 00:00:00 UTC,10684538443.2328
2014-01-15 00:00:00 UTC,10650801942.1536
2014-01-16 00:00:00 UTC,11011315439.8149
2014-01-17 00:00:00 UTC,10596608226.8413
2014-01-18 00:00:00 UTC,10506000874.9149
2014-01-19 00:00:00 UTC,10616705866.2484
2014-01-20 00:00:00 UTC,10980159715.4956
2014-01-21 00:00:00 UTC,11038787499.103
2014-01-22 00:00:00 UTC,11018783416.7103
2014-01-23 00:00:00 UTC,10863077983.9782
2014-01-24 00:00:00 UTC,10736158453.2009
2014-01-25 00:00:00 UTC,10368863798.7294
2014-01-26 00:00:00 UTC,10854550527.1692
2014-01-27 00:00:00 UTC,11257695322.9112
2014-01-28 00:00:00 UTC,10362840540.6478
2014-01-29 00:00:00 UTC,10611872805.8366
2014-01-30 00:00:00 UTC,10612318654.1777
2014-01-31 00:00:00 UTC,10682155019.9577
2014-02-01 00:00:00 UTC,10626890957.5754
2014-02-02 00:00:00 UTC,10614046238.6721
2014-02-03 00:00:00 UTC,10713315093.3272
2014-02-04 00:00:00 UTC,10538023475.0904
2014-02-05 00:00:00 UTC,10502312180.9046
2014-02-06 00:00:00 UTC,10138550659.6143
2014-02-07 00:00:00 UTC,9719121544.10379
2014-02-08 00:00:00 UTC,8580293299.62893
2014-02-09 00:00:00 UTC,8246293920.20926
2014-02-10 00:00:00 UTC,8463161878.52803
2014-02-11 00:00:00 UTC,8087864204.01992
2014-02-12 00:00:00 UTC,8040120800.10934
2014-02-13 00:00:00 UTC,7706064146.67002
2014-02-14 00:00:00 UTC,6905384452.95094
2014-02-15 00:00:00 UTC,7288730380.18335
2014-02-16 00:00:00 UTC,6865880003.74696
2014-02-17 00:00:00 UTC,6004192978.88655
2014-02-18 00:00:00 UTC,6087975856.43203
2014-02-19 00:00:00 UTC,6025823294.39413
2014-02-20 00:00:00 UTC,5776927132.96677
2014-02-21 00:00:00 UTC,4224814119.74679
2014-02-22 00:00:00 UTC,4539375132.30523
2014-02-23 00:00:00 UTC,5594854899.45954
2014-02-24 00:00:00 UTC,5799343505.21087
2014-02-25 00:00:00 UTC,4164469436.33724
2014-02-26 00:00:00 UTC,6683624531.45923
2014-02-27 00:00:00 UTC,7388082234.90815
2014-02-28 00:00:00 UTC,7295733624.158
2014-03-01 00:00:00 UTC,6782200767.54852
2014-03-02 00:00:00 UTC,7076318625.66883
2014-03-03 00:00:00 UTC,7095369313.92374
2014-03-04 00:00:00 UTC,8457866688.58592
2014-03-05 00:00:00 UTC,8442264138.39505
2014-03-06 00:00:00 UTC,8375790434.74938
2014-03-07 00:00:00 UTC,8330787261.11386
2014-03-08 00:00:00 UTC,7868250449.36063
2014-03-09 00:00:00 UTC,7696571453.60026
2014-03-10 00:00:00 UTC,7980754326.96136
2014-03-11 00:00:00 UTC,7867720254.33569
2014-03-12 00:00:00 UTC,7923125542.01163
2014-03-13 00:00:00 UTC,7942853775.93077
2014-03-14 00:00:00 UTC,8030457348.54248
2014-03-15 00:00:00 UTC,7883305025.29174
2014-03-16 00:00:00 UTC,7959100762.42599
2014-03-17 00:00:00 UTC,7927941135.4786
2014-03-18 00:00:00 UTC,7794476149.66331
2014-03-19 00:00:00 UTC,7730383441.14403
2014-03-20 00:00:00 UTC,7623930023.09982
2014-03-21 00:00:00 UTC,7370370810.70184
2014-03-22 00:00:00 UTC,7132453328.01105
2014-03-23 00:00:00 UTC,7056063312.17885
2014-03-24 00:00:00 UTC,6999448575.74213
2014-03-25 00:00:00 UTC,7295988547.31833
2014-03-26 00:00:00 UTC,7237818983.36531
2014-03-27 00:00:00 UTC,7260384229.20747
2014-03-28 00:00:00 UTC,6029742622.777
2014-03-29 00:00:00 UTC,6345568040.09989
2014-03-30 00:00:00 UTC,6122309584.31798
2014-03-31 00:00:00 UTC,5841925573.37688
2014-04-01 00:00:00 UTC,5745935017.5854
2014-04-02 00:00:00 UTC,6023418428.37543
2014-04-03 00:00:00 UTC,5413842870.39582
2014-04-04 00:00:00 UTC,5576991027.97014
2014-04-05 00:00:00 UTC,5633933339.40502
2014-04-06 00:00:00 UTC,5844733766.63118
2014-04-07 00:00:00 UTC,5807688233.95673
2014-04-08 00:00:00 UTC,5648060568.01682
2014-04-09 00:00:00 UTC,5706552024.09635
2014-04-10 00:00:00 UTC,5576486538.64844
2014-04-11 00:00:00 UTC,4481324791.19202
2014-04-12 00:00:00 UTC,5411407823.1022
2014-04-13 00:00:00 UTC,5358853783.22288
2014-04-14 00:00:00 UTC,5231306388.32671
2014-04-15 00:00:00 UTC,5817687121.50696
2014-04-16 00:00:00 UTC,6539463645.17903
2014-04-17 00:00:00 UTC,6725367182.75628
2014-04-18 00:00:00 UTC,6282508093.4614
2014-04-19 00:00:00 UTC,6066226551.31693
2014-04-20 00:00:00 UTC,6391679600.12132
2014-04-21 00:00:00 UTC,6362645252.24474
2014-04-22 00:00:00 UTC,6323009618.14124
2014-04-23 00:00:00 UTC,6238208108.53924
2014-04-24 00:00:00 UTC,6236457592.36517
2014-04-25 00:00:00 UTC,6342192925.49
2014-04-26 00:00:00 UTC,5863057710.35905
2014-04-27 00:00:00 UTC,5840716356.28812
2014-04-28 00:00:00 UTC,5457120750.86568
2014-04-29 00:00:00 UTC,5624145858.37769
2014-04-30 00:00:00 UTC,5652501421.2752
2014-05-01 00:00:00 UTC,5725127971.19252
2014-05-02 00:00:00 UTC,5858548049.13062
2014-05-03 00:00:00 UTC,5727260169.04573
2014-05-04 00:00:00 UTC,5588701997.62007
2014-05-05 00:00:00 UTC,5590475126.19198
2014-05-06 00:00:00 UTC,5471724754.31987
2014-05-07 00:00:00 UTC,5488379512.86766
2014-05-08 00:00:00 UTC,5627077247.9106
2014-05-09 00:00:00 UTC,5626453528.50331
2014-05-10 00:00:00 UTC,5778657987.78727
2014-05-11 00:00:00 UTC,5816822536.99523
2014-05-12 00:00:00 UTC,5593904998.58242
2014-05-13 00:00:00 UTC,5603562576.76924
2014-05-14 00:00:00 UTC,5611187377.09001
2014-05-15 00:00:00 UTC,5686301630.4028
2014-05-16 00:00:00 UTC,5701850647.90764
2014-05-17 00:00:00 UTC,5719013423.18684
2014-05-18 00:00:00 UTC,5730658932.03883
2014-05-19 00:00:00 UTC,5705134695.26938
2014-05-20 00:00:00 UTC,5707415949.77507
2014-05-21 00:00:00 UTC,6325221782.86221
2014-05-22 00:00:00 UTC,6313594516.15304
2014-05-23 00:00:00 UTC,6847003290.62732
2014-05-24 00:00:00 UTC,6715722551.18371
2014-05-25 00:00:00 UTC,6806123971.67178
2014-05-26 00:00:00 UTC,7290897856.93569
2014-05-27 00:00:00 UTC,7495782355.46253
2014-05-28 00:00:00 UTC,7339693912.92899
2014-05-29 00:00:00 UTC,7434811363.23968
2014-05-30 00:00:00 UTC,7358100585.55475
2014-05-31 00:00:00 UTC,7944013390.12133
2014-06-01 00:00:00 UTC,8019747714.74833
2014-06-02 00:00:00 UTC,8136865929.57202
2014-06-03 00:00:00 UTC,8550578361.48058
2014-06-04 00:00:00 UTC,8557577926.90731
2014-06-05 00:00:00 UTC,8255092827.61544
2014-06-06 00:00:00 UTC,8462261478.38505
2014-06-07 00:00:00 UTC,8334234481.99068
2014-06-08 00:00:00 UTC,8453067243.06662
2014-06-09 00:00:00 UTC,8459837187.9934
2014-06-10 00:00:00 UTC,8357560772.79176
2014-06-11 00:00:00 UTC,8398694977.99947
2014-06-12 00:00:00 UTC,8104601380.95529
2014-06-13 00:00:00 UTC,7650437401.69215
2014-06-14 00:00:00 UTC,7664985003.7484
2014-06-15 00:00:00 UTC,7351207445.11586
2014-06-16 00:00:00 UTC,7591613858.06834
2014-06-17 00:00:00 UTC,7577811607.97781
2014-06-18 00:00:00 UTC,7923932934.89705
2014-06-19 00:00:00 UTC,7847204757.58305
2014-06-20 00:00:00 UTC,7664094513.4194
2014-06-21 00:00:00 UTC,7631427831.29221
2014-06-22 00:00:00 UTC,7659037806.59816
2014-06-23 00:00:00 UTC,7772536557.92959
2014-06-24 00:00:00 UTC,7598736414.67928
2014-06-25 00:00:00 UTC,7475934458.54999
2014-06-26 00:00:00 UTC,7276860193.26814
2014-06-27 00:00:00 UTC,7533585178.3984
2014-06-28 00:00:00 UTC,7748555465.77025
2014-06-29 00:00:00 UTC,7682187043.18089
2014-06-30 00:00:00 UTC,7755707208.84461
2014-07-01 00:00:00 UTC,8354293558.2622
2014-07-02 00:00:00 UTC,8325436770.96522
2014-07-03 00:00:00 UTC,8404165476.61869
2014-07-04 00:00:00 UTC,8384608263.31891
2014-07-05 00:00:00 UTC,8172926091.49346
2014-07-06 00:00:00 UTC,8204439710.51992
2014-07-07 00:00:00 UTC,8221228431.21075
2014-07-08 00:00:00 UTC,8096191621.59771
2014-07-09 00:00:00 UTC,8122824492.11787
2014-07-10 00:00:00 UTC,8103656645.60924
2014-07-11 00:00:00 UTC,8014736597.78407
2014-07-12 00:00:00 UTC,8250236956.41645
2014-07-13 00:00:00 UTC,8285274984.03872
2014-07-14 00:00:00 UTC,8192537285.37891
2014-07-15 00:00:00 UTC,8079153352.82504
2014-07-16 00:00:00 UTC,8100741042.53164
2014-07-17 00:00:00 UTC,8025721918.88339
2014-07-18 00:00:00 UTC,8102129244.07566
2014-07-19 00:00:00 UTC,8186982949.89205
2014-07-20 00:00:00 UTC,8164393418.49573
2014-07-21 00:00:00 UTC,8119708473.40471
2014-07-22 00:00:00 UTC,8079278085.17067
2014-07-23 00:00:00 UTC,8066396772.42303
2014-07-24 00:00:00 UTC,8068841386.39632
2014-07-25 00:00:00 UTC,7881289033.15023
2014-07-26 00:00:00 UTC,7843036751.87336
2014-07-27 00:00:00 UTC,7795481647.69729
2014-07-28 00:00:00 UTC,7744353451.01213
2014-07-29 00:00:00 UTC,7656754119.09468
2014-07-30 00:00:00 UTC,7613438463.4479
2014-07-31 00:00:00 UTC,7336577285.69506
2014-08-01 00:00:00 UTC,7631187277.24191
2014-08-02 00:00:00 UTC,7794120339.57132
2014-08-03 00:00:00 UTC,7700601927.00948
2014-08-04 00:00:00 UTC,7696118407.69269
2014-08-05 00:00:00 UTC,7705331914.42233
2014-08-06 00:00:00 UTC,7635204382.29559
2014-08-07 00:00:00 UTC,7633181745.31105
2014-08-08 00:00:00 UTC,7691989319.97276
2014-08-09 00:00:00 UTC,7713203920.51212
2014-08-10 00:00:00 UTC,7729953849.82431
2014-08-11 00:00:00 UTC,7734961252.96177
2014-08-12 00:00:00 UTC,7512923324.61625
2014-08-13 00:00:00 UTC,7489979057.65386
2014-08-14 00:00:00 UTC,7162572314.82376
2014-08-15 00:00:00 UTC,6721689448.49091
2014-08-16 00:00:00 UTC,6535697717.23941
2014-08-17 00:00:00 UTC,6851437492.31713
2014-08-18 00:00:00 UTC,6630151890.11255
2014-08-19 00:00:00 UTC,6100275897.51031
2014-08-20 00:00:00 UTC,6437752839.06162
2014-08-21 00:00:00 UTC,6821048513.55867
2014-08-22 00:00:00 UTC,6860814883.23239
2014-08-23 00:00:00 UTC,6773294832.62502
2014-08-24 00:00:00 UTC,6581547220.80267
2014-08-25 00:00:00 UTC,6692541030.41123
2014-08-26 00:00:00 UTC,6638270452.17995
2014-08-27 00:00:00 UTC,6781220229.40579
2014-08-28 00:00:00 UTC,6769219822.26654
2014-08-29 00:00:00 UTC,6688121982.3692
2014-08-30 00:00:00 UTC,6707481200.81283
2014-08-31 00:00:00 UTC,6611449722.43355
2014-09-01 00:00:00 UTC,6351946242.21663
2014-09-02 00:00:00 UTC,6251983062.11651
2014-09-03 00:00:00 UTC,6275863006.49878
2014-09-04 00:00:00 UTC,6259944289.43821
2014-09-05 00:00:00 UTC,6448969762.22836
2014-09-06 00:00:00 UTC,6349850645.10465
2014-09-07 00:00:00 UTC,6379486245.86344
2014-09-08 00:00:00 UTC,6319669042.07285
2014-09-09 00:00:00 UTC,6229192526.16598
2014-09-10 00:00:00 UTC,6287554413.06344
2014-09-11 00:00:00 UTC,6343709380.0897
2014-09-12 00:00:00 UTC,6318482045.20709
2014-09-13 00:00:00 UTC,6282003824.54888
2014-09-14 00:00:00 UTC,6334900307.79467
2014-09-15 00:00:00 UTC,6319428543.84389
2014-09-16 00:00:00 UTC,6233946196.76587
2014-09-17 00:00:00 UTC,6159793300.89142
2014-09-18 00:00:00 UTC,5993412701.30033
2014-09-19 00:00:00 UTC,5631793838.27212
2014-09-20 00:00:00 UTC,5220941876.78948
2014-09-21 00:00:00 UTC,5471023877.38493
2014-09-22 00:00:00 UTC,5325541017.96122
2014-09-23 00:00:00 UTC,5355665529.06784
2014-09-24 00:00:00 UTC,5829537132.95812
2014-09-25 00:00:00 UTC,5641771612.2972
2014-09-26 00:00:00 UTC,5476364402.50229
2014-09-27 00:00:00 UTC,5370974489.05022
2014-09-28 00:00:00 UTC,5335986018.56536
2014-09-29 00:00:00 UTC,5007746108.37065
2014-09-30 00:00:00 UTC,4990592235.15176
2014-10-01 00:00:00 UTC,5163817314.59976
2014-10-02 00:00:00 UTC,5110876466.52852
2014-10-03 00:00:00 UTC,4960074568.65475
2014-10-04 00:00:00 UTC,4787955073.03067
2014-10-05 00:00:00 UTC,4400204570.03482
2014-10-06 00:00:00 UTC,4240781456.16967
2014-10-07 00:00:00 UTC,4404526200.96838
2014-10-08 00:00:00 UTC,4445251278.22478
2014-10-09 00:00:00 UTC,4755166371.53882
2014-10-10 00:00:00 UTC,4886723436.46695
2014-10-11 00:00:00 UTC,4809452867.54451
2014-10-12 00:00:00 UTC,4844020578.85636
2014-10-13 00:00:00 UTC,5013428266.26849
2014-10-14 00:00:00 UTC,5277452661.81031
2014-10-15 00:00:00 UTC,5357379403.07359
2014-10-16 00:00:00 UTC,5317917753.75622
2014-10-17 00:00:00 UTC,5098369459.95087
2014-10-18 00:00:00 UTC,5090662675.6642
2014-10-19 00:00:00 UTC,5224530894.6115
2014-10-20 00:00:00 UTC,5199662334.96496
2014-10-21 00:00:00 UTC,5096233335.40464
2014-10-22 00:00:00 UTC,5159751774.09479
2014-10-23 00:00:00 UTC,5123063999.93416
2014-10-24 00:00:00 UTC,4781802046.45704
2014-10-25 00:00:00 UTC,4810359445.49586
2014-10-26 00:00:00 UTC,4652581764.88935
2014-10-27 00:00:00 UTC,4736619749.07254
2014-10-28 00:00:00 UTC,4724114598.77775
2014-10-29 00:00:00 UTC,4751553312.60886
2014-10-30 00:00:00 UTC,4514442933.82167
2014-10-31 00:00:00 UTC,4629684672.04492
2014-11-01 00:00:00 UTC,4541478582.48877
2014-11-02 00:00:00 UTC,4367175587.45262
2014-11-03 00:00:00 UTC,4364068403.17188
2014-11-04 00:00:00 UTC,4369144607.26435
2014-11-05 00:00:00 UTC,4510245268.28493
2014-11-06 00:00:00 UTC,4544628223.77345
2014-11-07 00:00:00 UTC,4695623232.89565
2014-11-08 00:00:00 UTC,4619452292.36268
2014-11-09 00:00:00 UTC,4648843056.02179
2014-11-10 00:00:00 UTC,4874100040.06059
2014-11-11 00:00:00 UTC,4944240263.21275
2014-11-12 00:00:00 UTC,4991364884.15609
2014-11-13 00:00:00 UTC,5808124271.67216
2014-11-14 00:00:00 UTC,5599030145.83908
2014-11-15 00:00:00 UTC,5465435119.63907
2014-11-16 00:00:00 UTC,5064023213.535
2014-11-17 00:00:00 UTC,5354962274.11673
2014-11-18 00:00:00 UTC,5279162850.16393
2014-11-19 00:00:00 UTC,5083404633.55412
2014-11-20 00:00:00 UTC,5130902625.91347
2014-11-21 00:00:00 UTC,4760173886.19135
2014-11-22 00:00:00 UTC,4769660662.39768
2014-11-23 00:00:00 UTC,4776799265.60092
2014-11-24 00:00:00 UTC,4996886329.19328
2014-11-25 00:00:00 UTC,5143914294.71825
2014-11-26 00:00:00 UTC,5048921204.053
2014-11-27 00:00:00 UTC,5028218668.83747
2014-11-28 00:00:00 UTC,5015461820.23727
2014-11-29 00:00:00 UTC,5100479225.0934
2014-11-30 00:00:00 UTC,5081094157.95948
2014-12-01 00:00:00 UTC,5138196096.32328
2014-12-02 00:00:00 UTC,5149985104.06989
2014-12-03 00:00:00 UTC,5194549010.20644
2014-12-04 00:00:00 UTC,5106460420.6717
2014-12-05 00:00:00 UTC,5001737611.31853
2014-12-06 00:00:00 UTC,5120103055.26538
2014-12-07 00:00:00 UTC,5106393066.09548
2014-12-08 00:00:00 UTC,5114371797.4074
2014-12-09 00:00:00 UTC,4910443814.65083
2014-12-10 00:00:00 UTC,4784780270.6237
2014-12-11 00:00:00 UTC,4692009649.87534
2014-12-12 00:00:00 UTC,4743471144.08808
2014-12-13 00:00:00 UTC,4777528252.26799
2014-12-14 00:00:00 UTC,4726172467.47538
2014-12-15 00:00:00 UTC,4817521951.80393
2014-12-16 00:00:00 UTC,4721882554.83744
2014-12-17 00:00:00 UTC,4463262218.21971
2014-12-18 00:00:00 UTC,4371567466.82922
2014-12-19 00:00:00 UTC,4244772135.23884
2014-12-20 00:00:00 UTC,4321979336.92613
2014-12-21 00:00:00 UTC,4479034517.24222
2014-12-22 00:00:00 UTC,4393885553.25702
2014-12-23 00:00:00 UTC,4545304231.38073
2014-12-24 00:00:00 UTC,4570410212.05823
2014-12-25 00:00:00 UTC,4379134093.1926
2014-12-26 00:00:00 UTC,4356255465.63147
2014-12-27 00:00:00 UTC,4480503376.0388
2014-12-28 00:00:00 UTC,4334115859.98612
2014-12-29 00:00:00 UTC,4357777856.46279
2014-12-30 00:00:00 UTC,4284265967.37166
2014-12-31 00:00:00 UTC,4254661150.88745
2015-01-01 00:00:00 UTC,4378188425.27055
2015-01-02 00:00:00 UTC,4293674833.6233
2015-01-03 00:00:00 UTC,4318237902.76499
2015-01-04 00:00:00 UTC,3847638878.2585
2015-01-05 00:00:00 UTC,3659288367.86715
2015-01-06 00:00:00 UTC,3763248657.29823
2015-01-07 00:00:00 UTC,3917216819.19754
2015-01-08 00:00:00 UTC,4042445918.46008
2015-01-09 00:00:00 UTC,3873974589.86514
2015-01-10 00:00:00 UTC,3972936509.91584
2015-01-11 00:00:00 UTC,3780224059.74392
2015-01-12 00:00:00 UTC,3664327467.84453
2015-01-13 00:00:00 UTC,3638767569.90385
2015-01-14 00:00:00 UTC,3036247669.15632
2015-01-15 00:00:00 UTC,2527102422.33985
2015-01-16 00:00:00 UTC,2914233938.17395
2015-01-17 00:00:00 UTC,2850451614.59559
2015-01-18 00:00:00 UTC,2753671087.99719
2015-01-19 00:00:00 UTC,2942851975.69622
2015-01-20 00:00:00 UTC,2939729734.49412
2015-01-21 00:00:00 UTC,2918158056.37729
2015-01-22 00:00:00 UTC,3128510824.2056
2015-01-23 00:00:00 UTC,3208485208.23172
2015-01-24 00:00:00 UTC,3204008736.8494
2015-01-25 00:00:00 UTC,3415124171.02322
2015-01-26 00:00:00 UTC,3586663569.70881
2015-01-27 00:00:00 UTC,3740143976.15655
2015-01-28 00:00:00 UTC,3666111059.77523
2015-01-29 00:00:00 UTC,3245855660.17837
2015-01-30 00:00:00 UTC,3239179168.62068
2015-01-31 00:00:00 UTC,3137630746.63074
2015-02-01 00:00:00 UTC,2995142759.24272
2015-02-02 00:00:00 UTC,3148784858.37576
2015-02-03 00:00:00 UTC,3318332067.34378
2015-02-04 00:00:00 UTC,3154724400.12281
2015-02-05 00:00:00 UTC,3139447901.61617
2015-02-06 00:00:00 UTC,3006039538.69712
2015-02-07 00:00:00 UTC,3084572768.90066
2015-02-08 00:00:00 UTC,3151965336.81033
2015-02-09 00:00:00 UTC,3090158447.40688
2015-02-10 00:00:00 UTC,3040833802.8863
2015-02-11 00:00:00 UTC,3054027541.73352
2015-02-12 00:00:00 UTC,3033239843.56479
2015-02-13 00:00:00 UTC,3077229764.80267
2015-02-14 00:00:00 UTC,3291778234.86356
2015-02-15 00:00:00 UTC,3555980185.34334
2015-02-16 00:00:00 UTC,3233894162.3756
2015-02-17 00:00:00 UTC,3232077188.50541
2015-02-18 00:00:00 UTC,3379267888.4129
2015-02-19 00:00:00 UTC,3281684753.02813
2015-02-20 00:00:00 UTC,3343104210.10371
2015-02-21 00:00:00 UTC,3396095591.02547
2015-02-22 00:00:00 UTC,3417938449.32428
2015-02-23 00:00:00 UTC,3286753274.95334
2015-02-24 00:00:00 UTC,3332639939.21685
2015-02-25 00:00:00 UTC,3334728613.24979
2015-02-26 00:00:00 UTC,3305681247.53374
2015-02-27 00:00:00 UTC,3289819464.73339
2015-02-28 00:00:00 UTC,3539421829.2595
2015-03-01 00:00:00 UTC,3539122434.01303
2015-03-02 00:00:00 UTC,3618900929.01367
2015-03-03 00:00:00 UTC,3847684535.36631
2015-03-04 00:00:00 UTC,3936780884.36251
2015-03-05 00:00:00 UTC,3813283362.80235
2015-03-06 00:00:00 UTC,3844947039.58327
2015-03-07 00:00:00 UTC,3800428807.44368
2015-03-08 00:00:00 UTC,3863855976.6967
2015-03-09 00:00:00 UTC,3834658058.0594
2015-03-10 00:00:00 UTC,4056259329.53644
2015-03-11 00:00:00 UTC,4067376956.61646
2015-03-12 00:00:00 UTC,4136402718.58468
2015-03-13 00:00:00 UTC,4109731363.37821
2015-03-14 00:00:00 UTC,3953578670.22692
2015-03-15 00:00:00 UTC,3939093151.06211
2015-03-16 00:00:00 UTC,4004905505.78023
2015-03-17 00:00:00 UTC,4054566811.37142
2015-03-18 00:00:00 UTC,3970295841.862
2015-03-19 00:00:00 UTC,3565828945.45051
2015-03-20 00:00:00 UTC,3655369793.43089
2015-03-21 00:00:00 UTC,3653332177.52115
2015-03-22 00:00:00 UTC,3641335455.44607
2015-03-23 00:00:00 UTC,3767691761.54832
2015-03-24 00:00:00 UTC,3734892390.95422
2015-03-25 00:00:00 UTC,3448239937.91742
2015-03-26 00:00:00 UTC,3446287365.71894
2015-03-27 00:00:00 UTC,3493176182.18393
2015-03-28 00:00:00 UTC,3464686270.75726
2015-03-29 00:00:00 UTC,3535805523.88925
2015-03-30 00:00:00 UTC,3389360946.18086
2015-03-31 00:00:00 UTC,3472811898.36179
2015-04-01 00:00:00 UTC,3426060381.20461
2015-04-02 00:00:00 UTC,3462478158.84698
2015-04-03 00:00:00 UTC,3548352022.05265
2015-04-04 00:00:00 UTC,3566681218.464
2015-04-05 00:00:00 UTC,3558056990.84056
2015-04-06 00:00:00 UTC,3656934981.00564
2015-04-07 00:00:00 UTC,3596443231.13795
2015-04-08 00:00:00 UTC,3563902617.17415
2015-04-09 00:00:00 UTC,3451534721.59117
2015-04-10 00:00:00 UTC,3419576185.94933
2015-04-11 00:00:00 UTC,3315372514.34763
2015-04-12 00:00:00 UTC,3332853340.41586
2015-04-13 00:00:00 UTC,3318438492.59416
2015-04-14 00:00:00 UTC,3157561831.86959
2015-04-15 00:00:00 UTC,3095040867.91407
2015-04-16 00:00:00 UTC,3166308210.47386
2015-04-17 00:00:00 UTC,3211814349.68595
2015-04-18 00:00:00 UTC,3136941933.31507
2015-04-19 00:00:00 UTC,3144436723.6591
2015-04-20 00:00:00 UTC,3133658943.15419
2015-04-21 00:00:00 UTC,3169924348.1365
2015-04-22 00:00:00 UTC,3305840580.67718
2015-04-23 00:00:00 UTC,3293737516.8973
2015-04-24 00:00:00 UTC,3323934523.15074
2015-04-25 00:00:00 UTC,3262181610.28166
2015-04-26 00:00:00 UTC,3196861207.52859
2015-04-27 00:00:00 UTC,3092183911.29218
2015-04-28 00:00:00 UTC,3210273221.1324
2015-04-29 00:00:00 UTC,3191530304.65486
2015-04-30 00:00:00 UTC,3183085441.57066
2015-05-01 00:00:00 UTC,3327820145.11745
2015-05-02 00:00:00 UTC,3289270470.19942
2015-05-03 00:00:00 UTC,3309796134.97608
2015-05-04 00:00:00 UTC,3393149181.75963
2015-05-05 00:00:00 UTC,3372700955.72868
2015-05-06 00:00:00 UTC,3341326293.82098
2015-05-07 00:00:00 UTC,3252110612.78872
2015-05-08 00:00:00 UTC,3354834654.4381
2015-05-09 00:00:00 UTC,3465974222.63001
2015-05-10 00:00:00 UTC,3424931006.76816
2015-05-11 00:00:00 UTC,3413966785.12207
2015-05-12 00:00:00 UTC,3438593330.60762
2015-05-13 00:00:00 UTC,3428364943.31818
2015-05-14 00:00:00 UTC,3349273742.41478
2015-05-15 00:00:00 UTC,3356640598.98511
2015-05-16 00:00:00 UTC,3367474189.24017
2015-05-17 00:00:00 UTC,3348519162.93727
2015-05-18 00:00:00 UTC,3350614271.22156
2015-05-19 00:00:00 UTC,3308205517.92929
2015-05-20 00:00:00 UTC,3295322538.84526
2015-05-21 00:00:00 UTC,3325501987.31096
2015-05-22 00:00:00 UTC,3342836179.57767
2015-05-23 00:00:00 UTC,3405347121.20488
2015-05-24 00:00:00 UTC,3393786012.89701
2015-05-25 00:00:00 UTC,3413460492.34084
2015-05-26 00:00:00 UTC,3369402074.04079
2015-05-27 00:00:00 UTC,3365797638.12538
2015-05-28 00:00:00 UTC,3361297272.39152
2015-05-29 00:00:00 UTC,3367996312.07785
2015-05-30 00:00:00 UTC,3366971167.6892
2015-05-31 00:00:00 UTC,3309139483.51083
2015-06-01 00:00:00 UTC,3262063773.08565
2015-06-02 00:00:00 UTC,3167907077.65939
2015-06-03 00:00:00 UTC,3206326324.20827
2015-06-04 00:00:00 UTC,3205736626.8234
2015-06-05 00:00:00 UTC,3185032879.30103
2015-06-06 00:00:00 UTC,3202139546.88646
2015-06-07 00:00:00 UTC,3218506232.84161
2015-06-08 00:00:00 UTC,3186016248.27057
2015-06-09 00:00:00 UTC,3258151513.38553
2015-06-10 00:00:00 UTC,3266627781.83292
2015-06-11 00:00:00 UTC,3262812880.47191
2015-06-12 00:00:00 UTC,3279341696.69405
2015-06-13 00:00:00 UTC,3269558235.61264
2015-06-14 00:00:00 UTC,3324206270.89633
2015-06-15 00:00:00 UTC,3332027449.21535
2015-06-16 00:00:00 UTC,3376240410.10756
2015-06-17 00:00:00 UTC,3587820813.17519
2015-06-18 00:00:00 UTC,3552271515.95996
2015-06-19 00:00:00 UTC,3575677168.26189
2015-06-20 00:00:00 UTC,3483867065.52307
2015-06-21 00:00:00 UTC,3491941762.34653
2015-06-22 00:00:00 UTC,3492035074.31637
2015-06-23 00:00:00 UTC,3526925077.46698
2015-06-24 00:00:00 UTC,3491808940.26156
2015-06-25 00:00:00 UTC,3442262945.19741
2015-06-26 00:00:00 UTC,3467550737.20582
2015-06-27 00:00:00 UTC,3479002953.86503
2015-06-28 00:00:00 UTC,3591546650.65711
2015-06-29 00:00:00 UTC,3562780089.26305
2015-06-30 00:00:00 UTC,3680111683.0584
2015-07-01 00:00:00 UTC,3783053866.04708
2015-07-02 00:00:00 UTC,3706205397.54788
2015-07-03 00:00:00 UTC,3658273560.12426
2015-07-04 00:00:00 UTC,3678297084.59693
2015-07-05 00:00:00 UTC,3746414348.00633
2015-07-06 00:00:00 UTC,3885372461.22587
2015-07-07 00:00:00 UTC,3871070058.5203
2015-07-08 00:00:00 UTC,3823591360.17663
2015-07-09 00:00:00 UTC,3854388009.62219
2015-07-10 00:00:00 UTC,3864201371.14382
2015-07-11 00:00:00 UTC,4097035500.88126
2015-07-12 00:00:00 UTC,4206337093.44552
2015-07-13 00:00:00 UTC,4454781044.56032
2015-07-14 00:00:00 UTC,4188132244.11839
2015-07-15 00:00:00 UTC,4166825016.60507
2015-07-16 00:00:00 UTC,4161352979.38731
2015-07-17 00:00:00 UTC,4012677083.7988
2015-07-18 00:00:00 UTC,4026092913.91818
2015-07-19 00:00:00 UTC,3979067419.49069
2015-07-20 00:00:00 UTC,3946794172.70834
2015-07-21 00:00:00 UTC,4026657785.20658
2015-07-22 00:00:00 UTC,3976012130.27552
2015-07-23 00:00:00 UTC,3996604400.27739
2015-07-24 00:00:00 UTC,3980294212.93707
2015-07-25 00:00:00 UTC,4149468482.56348
2015-07-26 00:00:00 UTC,4167051797.11998
2015-07-27 00:00:00 UTC,4215585415.23968
2015-07-28 00:00:00 UTC,4252446950.38728
2015-07-29 00:00:00 UTC,4246822634.88393
2015-07-30 00:00:00 UTC,4169138995.56773
2015-07-31 00:00:00 UTC,4152973881.81405
2015-08-01 00:00:00 UTC,4110249630.18576
2015-08-02 00:00:00 UTC,4032079037.59784
2015-08-03 00:00:00 UTC,4074320785.40202
2015-08-04 00:00:00 UTC,4072195648.61543
2015-08-05 00:00:00 UTC,4117050384.14909
2015-08-06 00:00:00 UTC,4063475920.58639
2015-08-07 00:00:00 UTC,4026945666.21442
2015-08-08 00:00:00 UTC,4039707233.33034
2015-08-09 00:00:00 UTC,3778373705.76863
2015-08-10 00:00:00 UTC,3848685664.22718
2015-08-11 00:00:00 UTC,3827690537.00338
2015-08-12 00:00:00 UTC,3921666856.55573
2015-08-13 00:00:00 UTC,3860660060.31872
2015-08-14 00:00:00 UTC,3830171179.55459
2015-08-15 00:00:00 UTC,3851825067.22207
2015-08-16 00:00:00 UTC,3780207917.25851
2015-08-17 00:00:00 UTC,3743520812.85701
2015-08-18 00:00:00 UTC,3732901967.68963
2015-08-19 00:00:00 UTC,3285319335.17937
2015-08-20 00:00:00 UTC,3302264769.34682
2015-08-21 00:00:00 UTC,3408615153.70462
2015-08-22 00:00:00 UTC,3380195942.37876
2015-08-23 00:00:00 UTC,3348431781.61477
2015-08-24 00:00:00 UTC,3292573464.4847
2015-08-25 00:00:00 UTC,2972205497.6958
2015-08-26 00:00:00 UTC,3248138434.64761
2015-08-27 00:00:00 UTC,3295893724.4756
2015-08-28 00:00:00 UTC,3252171210.74413
2015-08-29 00:00:00 UTC,3361801009.52117
2015-08-30 00:00:00 UTC,3356283896.67655
2015-08-31 00:00:00 UTC,3332287502.6782
2015-09-01 00:00:00 UTC,3366938410.33602
2015-09-02 00:00:00 UTC,3315160908.10456
2015-09-03 00:00:00 UTC,3340538442.87771
2015-09-04 00:00:00 UTC,3307329843.84075
2015-09-05 00:00:00 UTC,3355658023.98079
2015-09-06 00:00:00 UTC,3427503283.64078
2015-09-07 00:00:00 UTC,3517218538.53775
2015-09-08 00:00:00 UTC,3506889999.53925
2015-09-09 00:00:00 UTC,3553647136.68421
2015-09-10 00:00:00 UTC,3487225107.98651
2015-09-11 00:00:00 UTC,3496861266.83762
2015-09-12 00:00:00 UTC,3508625721.28683
2015-09-13 00:00:00 UTC,3442030300.456
2015-09-14 00:00:00 UTC,3374816739.67323
2015-09-15 00:00:00 UTC,3370776152.3256
2015-09-16 00:00:00 UTC,3368451632.14902
2015-09-17 00:00:00 UTC,3344896652.15386
2015-09-18 00:00:00 UTC,3415199199.24542
2015-09-19 00:00:00 UTC,3414876826.34376
2015-09-20 00:00:00 UTC,3386894339.0792
2015-09-21 00:00:00 UTC,3382740117.62948
2015-09-22 00:00:00 UTC,3327873707.97055
2015-09-23 00:00:00 UTC,3392101601.41196
2015-09-24 00:00:00 UTC,3377858602.65901
2015-09-25 00:00:00 UTC,3430511827.67009
2015-09-26 00:00:00 UTC,3447354652.67221
2015-09-27 00:00:00 UTC,3434420340.68197
2015-09-28 00:00:00 UTC,3418392627.95857
2015-09-29 00:00:00 UTC,3518775433.36223
2015-09-30 00:00:00 UTC,3478596674.59997
2015-10-01 00:00:00 UTC,3469362348.41969
2015-10-02 00:00:00 UTC,3493348284.9916
2015-10-03 00:00:00 UTC,3487290707.53616
2015-10-04 00:00:00 UTC,3512318025.71155
2015-10-05 00:00:00 UTC,3508865688.49563
2015-10-06 00:00:00 UTC,3541762082.37486
2015-10-07 00:00:00 UTC,3628743548.07536
2015-10-08 00:00:00 UTC,3586545009.12004
2015-10-09 00:00:00 UTC,3570476049.02835
2015-10-10 00:00:00 UTC,3598848532.11196
2015-10-11 00:00:00 UTC,3615958908.82747
2015-10-12 00:00:00 UTC,3641870320.89391
2015-10-13 00:00:00 UTC,3613976194.50433
2015-10-14 00:00:00 UTC,3684231617.53487
2015-10-15 00:00:00 UTC,3724423623.35317
2015-10-16 00:00:00 UTC,3753245610.28325
2015-10-17 00:00:00 UTC,3879637233.79237
2015-10-18 00:00:00 UTC,4014103803.6091
2015-10-19 00:00:00 UTC,3888298841.72901
2015-10-20 00:00:00 UTC,3909523665.09377
2015-10-21 00:00:00 UTC,3989681057.67844
2015-10-22 00:00:00 UTC,3950535156.54753
2015-10-23 00:00:00 UTC,4057770323.5704
2015-10-24 00:00:00 UTC,4114881031.27055
2015-10-25 00:00:00 UTC,4196416622.06823
2015-10-26 00:00:00 UTC,4200288907.43741
2015-10-27 00:00:00 UTC,4252578793.27867
2015-10-28 00:00:00 UTC,4370388425.6682
2015-10-29 00:00:00 UTC,4476119164.33875
2015-10-30 00:00:00 UTC,4648044654.05052
2015-10-31 00:00:00 UTC,4890250554.45042
2015-11-01 00:00:00 UTC,4665163863.79696
2015-11-02 00:00:00 UTC,4845017319.70166
2015-11-03 00:00:00 UTC,5339918368.86719
2015-11-04 00:00:00 UTC,6033670903.49305
2015-11-05 00:00:00 UTC,5898504487.82786
2015-11-06 00:00:00 UTC,5624237401.64913
2015-11-07 00:00:00 UTC,5566857390.04851
2015-11-08 00:00:00 UTC,5696524085.28736
2015-11-09 00:00:00 UTC,5484421709.08563
2015-11-10 00:00:00 UTC,5556160870.09534
2015-11-11 00:00:00 UTC,5029942698.99715
2015-11-12 00:00:00 UTC,4672341572.27956
2015-11-13 00:00:00 UTC,5001544847.57402
2015-11-14 00:00:00 UTC,5013027868.8389
2015-11-15 00:00:00 UTC,4948883537.3483
2015-11-16 00:00:00 UTC,4742829443.62733
2015-11-17 00:00:00 UTC,4921818100.941
2015-11-18 00:00:00 UTC,4981248530.87883
2015-11-19 00:00:00 UTC,4983726365.04295
2015-11-20 00:00:00 UTC,4807885494.26354
2015-11-21 00:00:00 UTC,4769306592.06068
2015-11-22 00:00:00 UTC,4856020462.42688
2015-11-23 00:00:00 UTC,4814038173.11419
2015-11-24 00:00:00 UTC,4793346894.1184
2015-11-25 00:00:00 UTC,4760958831.62814
2015-11-26 00:00:00 UTC,4920322224.87815
2015-11-27 00:00:00 UTC,5238600273.30172
2015-11-28 00:00:00 UTC,5261477451.16926
2015-11-29 00:00:00 UTC,5330272038.05879
2015-11-30 00:00:00 UTC,5584165538.71021
2015-12-01 00:00:00 UTC,5630695007.54988
2015-12-02 00:00:00 UTC,5313384792.43983
2015-12-03 00:00:00 UTC,5349574825.8005
2015-12-04 00:00:00 UTC,5396472360.88231
2015-12-05 00:00:00 UTC,5423155692.72045
2015-12-06 00:00:00 UTC,5854824683.61037
2015-12-07 00:00:00 UTC,5778793619.00966
2015-12-08 00:00:00 UTC,5899212664.44413
2015-12-09 00:00:00 UTC,6188324143.81313
2015-12-10 00:00:00 UTC,6241076540.30555
2015-12-11 00:00:00 UTC,6223571707.19541
2015-12-12 00:00:00 UTC,6747921973.65615
2015-12-13 00:00:00 UTC,6480420664.75261
2015-12-14 00:00:00 UTC,6459474949.12261
2015-12-15 00:00:00 UTC,6696224357.12965
2015-12-16 00:00:00 UTC,6925709565.97204
2015-12-17 00:00:00 UTC,6795751133.58704
2015-12-18 00:00:00 UTC,6815955336.33099
2015-12-19 00:00:00 UTC,6944868990.39266
2015-12-20 00:00:00 UTC,6920410205.86679
2015-12-21 00:00:00 UTC,6500275553.71914
2015-12-22 00:00:00 UTC,6570381839.48593
2015-12-23 00:00:00 UTC,6555040653.29873
2015-12-24 00:00:00 UTC,6653074826.60528
2015-12-25 00:00:00 UTC,6850593616.07877
2015-12-26 00:00:00 UTC,6848039803.59742
2015-12-27 00:00:00 UTC,6199448270.64189
2015-12-28 00:00:00 UTC,6383540507.22245
2015-12-29 00:00:00 UTC,6343638242.87662
2015-12-30 00:00:00 UTC,6506889458.27909
2015-12-31 00:00:00 UTC,6380472270.93505
2016-01-01 00:00:00 UTC,6475525900.28961
2016-01-02 00:00:00 UTC,6533723229.24838
2016-01-03 00:00:00 UTC,6514610734.22224
2016-01-04 00:00:00 UTC,6459519137.62879
2016-01-05 00:00:00 UTC,6528328075.74202
2016-01-06 00:00:00 UTC,6477460551.46062
2016-01-07 00:00:00 UTC,6479467562.60955
2016-01-08 00:00:00 UTC,6931186782.57778
2016-01-09 00:00:00 UTC,6827563767.94239
2016-01-10 00:00:00 UTC,6721618882.71486
2016-01-11 00:00:00 UTC,6778674995.48722
2016-01-12 00:00:00 UTC,6729292642.13862
2016-01-13 00:00:00 UTC,6492924751.37646
2016-01-14 00:00:00 UTC,6502487926.18144
2016-01-15 00:00:00 UTC,6467629574.13802
2016-01-16 00:00:00 UTC,5537684103.48113
2016-01-17 00:00:00 UTC,5859957648.24029
2016-01-18 00:00:00 UTC,5766963649.55179
2016-01-19 00:00:00 UTC,5829076358.39054
2016-01-20 00:00:00 UTC,5695719916.1254
2016-01-21 00:00:00 UTC,6323670669.67185
2016-01-22 00:00:00 UTC,6184447089.9022
2016-01-23 00:00:00 UTC,5840822574.71086
2016-01-24 00:00:00 UTC,5858736607.0153
2016-01-25 00:00:00 UTC,6051813455.98778
2016-01-26 00:00:00 UTC,5937292117.5147
2016-01-27 00:00:00 UTC,5922688957.06909
2016-01-28 00:00:00 UTC,5978377597.24721
2016-01-29 00:00:00 UTC,5629017509.19038
2016-01-30 00:00:00 UTC,5741510405.59018
2016-01-31 00:00:00 UTC,5717566707.78297
2016-02-01 00:00:00 UTC,5589814713.81708
2016-02-02 00:00:00 UTC,5657259160.16854
2016-02-03 00:00:00 UTC,5663799871.34704
2016-02-04 00:00:00 UTC,5603957395.56933
2016-02-05 00:00:00 UTC,5888830400.08962
2016-02-06 00:00:00 UTC,5794935796.72218
2016-02-07 00:00:00 UTC,5709153934.74181
2016-02-08 00:00:00 UTC,5709411096.78528
2016-02-09 00:00:00 UTC,5655142710.63595
2016-02-10 00:00:00 UTC,5687433379.87851
2016-02-11 00:00:00 UTC,5783644383.00941
2016-02-12 00:00:00 UTC,5758485589.31652
2016-02-13 00:00:00 UTC,5843015954.76247
2016-02-14 00:00:00 UTC,6001045467.99974
2016-02-15 00:00:00 UTC,6200942536.34768
2016-02-16 00:00:00 UTC,6107258747.61201
2016-02-17 00:00:00 UTC,6200440870.92074
2016-02-18 00:00:00 UTC,6325905713.78185
2016-02-19 00:00:00 UTC,6417228710.52904
2016-02-20 00:00:00 UTC,6409568782.4811
2016-02-21 00:00:00 UTC,6658285990.67018
2016-02-22 00:00:00 UTC,6645094020.88974
2016-02-23 00:00:00 UTC,6687858341.08769
2016-02-24 00:00:00 UTC,6443428273.27946
2016-02-25 00:00:00 UTC,6497670613.19403
2016-02-26 00:00:00 UTC,6447449426.34824
2016-02-27 00:00:00 UTC,6613899752.43152
2016-02-28 00:00:00 UTC,6537321560.83862
2016-02-29 00:00:00 UTC,6581668726.8594
2016-03-01 00:00:00 UTC,6693114258.87449
2016-03-02 00:00:00 UTC,6633135008.39824
2016-03-03 00:00:00 UTC,6444022063.06586
2016-03-04 00:00:00 UTC,6426305260.1764
2016-03-05 00:00:00 UTC,6221014419.2831
2016-03-06 00:00:00 UTC,6064266017.28595
2016-03-07 00:00:00 UTC,6188650053.80007
2016-03-08 00:00:00 UTC,6322223517.1414
2016-03-09 00:00:00 UTC,6290069063.54639
2016-03-10 00:00:00 UTC,6308942231.13644
2016-03-11 00:00:00 UTC,6370225908.79331
2016-03-12 00:00:00 UTC,6423794847.34599
2016-03-13 00:00:00 UTC,6295277659.20453
2016-03-14 00:00:00 UTC,6321288460.07944
2016-03-15 00:00:00 UTC,6360164608.69844
2016-03-16 00:00:00 UTC,6372350845.59644
2016-03-17 00:00:00 UTC,6387602516.78918
2016-03-18 00:00:00 UTC,6410683426.53751
2016-03-19 00:00:00 UTC,6268684023.85747
2016-03-20 00:00:00 UTC,6275398511.30483
2016-03-21 00:00:00 UTC,6300495056.79275
2016-03-22 00:00:00 UTC,6310358353.75564
2016-03-23 00:00:00 UTC,6399897327.13983
2016-03-24 00:00:00 UTC,6406674919.88541
2016-03-25 00:00:00 UTC,6362508246.01457
2016-03-26 00:00:00 UTC,6393385080.89735
2016-03-27 00:00:00 UTC,6401296404.14314
2016-03-28 00:00:00 UTC,6529142715.11015
2016-03-29 00:00:00 UTC,6505423155.99426
2016-03-30 00:00:00 UTC,6373641081.95227
2016-03-31 00:00:00 UTC,6367390326.27374
2016-04-01 00:00:00 UTC,6386315430.54599
2016-04-02 00:00:00 UTC,6435199977.21109
2016-04-03 00:00:00 UTC,6451077066.94879
2016-04-04 00:00:00 UTC,6454037864.7553
2016-04-05 00:00:00 UTC,6455769653.65414
2016-04-06 00:00:00 UTC,6503469716.44181
2016-04-07 00:00:00 UTC,6488967945.30198
2016-04-08 00:00:00 UTC,6476234367.01674
2016-04-09 00:00:00 UTC,6432614474.02465
2016-04-10 00:00:00 UTC,6448312842.7223
2016-04-11 00:00:00 UTC,6486028130.40301
2016-04-12 00:00:00 UTC,6522984537.97766
2016-04-13 00:00:00 UTC,6554009013.2324
2016-04-14 00:00:00 UTC,6541950712.32358
2016-04-15 00:00:00 UTC,6557748763.64253
2016-04-16 00:00:00 UTC,6630569535.05149
2016-04-17 00:00:00 UTC,6656057209.58558
2016-04-18 00:00:00 UTC,6608755843.27338
2016-04-19 00:00:00 UTC,6626775231.10125
2016-04-20 00:00:00 UTC,6741165205.69521
2016-04-21 00:00:00 UTC,6828487144.37199
2016-04-22 00:00:00 UTC,6937785944.48208
2016-04-23 00:00:00 UTC,6912634448.77357
2016-04-24 00:00:00 UTC,7009404009.72249
2016-04-25 00:00:00 UTC,7113936710.15032
2016-04-26 00:00:00 UTC,7151145357.27548
2016-04-27 00:00:00 UTC,7227971772.35331
2016-04-28 00:00:00 UTC,6804910266.31377
2016-04-29 00:00:00 UTC,6949166073.87414
2016-04-30 00:00:00 UTC,7046827798.66655
2016-05-01 00:00:00 UTC,6951977857.75386
2016-05-02 00:00:00 UTC,7005494087.16643
2016-05-03 00:00:00 UTC,6882314841.09334
2016-05-04 00:00:00 UTC,6972628860.40302
2016-05-05 00:00:00 UTC,6940732900.27871
2016-05-06 00:00:00 UTC,6948950612.02679
2016-05-07 00:00:00 UTC,7131878042.19068
2016-05-08 00:00:00 UTC,7113914785.35193
2016-05-09 00:00:00 UTC,7107695973.8276
2016-05-10 00:00:00 UTC,7152612926.38105
2016-05-11 00:00:00 UTC,7014552649.87251
2016-05-12 00:00:00 UTC,7020705452.04871
2016-05-13 00:00:00 UTC,7063178344.94635
2016-05-14 00:00:00 UTC,7085144613.21318
2016-05-15 00:00:00 UTC,7089062229.35438
2016-05-16 00:00:00 UTC,7116565460.60206
2016-05-17 00:00:00 UTC,7052724016.55392
2016-05-18 00:00:00 UTC,7043640670.04414
2016-05-19 00:00:00 UTC,7058773897.00425
2016-05-20 00:00:00 UTC,6803797070.69459
2016-05-21 00:00:00 UTC,6886998146.33498
2016-05-22 00:00:00 UTC,6888084004.62302
2016-05-23 00:00:00 UTC,6826048859.57228
2016-05-24 00:00:00 UTC,6909274825.8124
2016-05-25 00:00:00 UTC,6944110194.77788
2016-05-26 00:00:00 UTC,7003316938.81487
2016-05-27 00:00:00 UTC,7092943364.70477
2016-05-28 00:00:00 UTC,7381305367.95467
2016-05-29 00:00:00 UTC,8146611646.96673
2016-05-30 00:00:00 UTC,8159568916.19495
2016-05-31 00:00:00 UTC,8333211525.11741
2016-06-01 00:00:00 UTC,8278086353.00655
2016-06-02 00:00:00 UTC,8352251160.77454
2016-06-03 00:00:00 UTC,8404636577.85429
2016-06-04 00:00:00 UTC,8891953404.4563
2016-06-05 00:00:00 UTC,8996861676.63669
2016-06-06 00:00:00 UTC,8973679292.78169
2016-06-07 00:00:00 UTC,9192364492.14309
2016-06-08 00:00:00 UTC,9008710527.4964
2016-06-09 00:00:00 UTC,9065472742.99206
2016-06-10 00:00:00 UTC,8989293165.81142
2016-06-11 00:00:00 UTC,9053741473.45888
2016-06-12 00:00:00 UTC,9554706775.40973
2016-06-13 00:00:00 UTC,10383676488.5463
2016-06-14 00:00:00 UTC,10919511986.8678
2016-06-15 00:00:00 UTC,10681642156.2536
2016-06-16 00:00:00 UTC,11045327407.2163
2016-06-17 00:00:00 UTC,11997427071.2557
2016-06-18 00:00:00 UTC,11597103546.3649
2016-06-19 00:00:00 UTC,11801805918.6287
2016-06-20 00:00:00 UTC,11898515298.0711
2016-06-21 00:00:00 UTC,11109155056.3398
2016-06-22 00:00:00 UTC,10531787293.1294
2016-06-23 00:00:00 UTC,9324394374.88451
2016-06-24 00:00:00 UTC,9811442621.28748
2016-06-25 00:00:00 UTC,10407577050.4542
2016-06-26 00:00:00 UTC,10369543771.9089
2016-06-27 00:00:00 UTC,9768737704.21524
2016-06-28 00:00:00 UTC,10316252664.2082
2016-06-29 00:00:00 UTC,10069964428.4913
2016-06-30 00:00:00 UTC,10045194799.3565
2016-07-01 00:00:00 UTC,10510021081.5344
2016-07-02 00:00:00 UTC,10608135424.1582
2016-07-03 00:00:00 UTC,10996545335.1204
2016-07-04 00:00:00 UTC,10329613032.7871
2016-07-05 00:00:00 UTC,10690104390.7697
2016-07-06 00:00:00 UTC,10503499249.0624
2016-07-07 00:00:00 UTC,10605849437.4544
2016-07-08 00:00:00 UTC,10103826567.7462
2016-07-09 00:00:00 UTC,10404794204.8761
2016-07-10 00:00:00 UTC,10206661316.0565
2016-07-11 00:00:00 UTC,10206547469.8928
2016-07-12 00:00:00 UTC,10220342673.4655
2016-07-13 00:00:00 UTC,10461065347.1476
2016-07-14 00:00:00 UTC,10306314413.4423
2016-07-15 00:00:00 UTC,10404616122.2946
2016-07-16 00:00:00 UTC,10489678485.8239
2016-07-17 00:00:00 UTC,10457298789.1896
2016-07-18 00:00:00 UTC,10726605958.407
2016-07-19 00:00:00 UTC,10606628264.013
2016-07-20 00:00:00 UTC,10622616833.4632
2016-07-21 00:00:00 UTC,10480074602.7278
2016-07-22 00:00:00 UTC,10498370981.5243
2016-07-23 00:00:00 UTC,10275440229.339
2016-07-24 00:00:00 UTC,10346831973.4838
2016-07-25 00:00:00 UTC,10449714273.494
2016-07-26 00:00:00 UTC,10332228258.7487
2016-07-27 00:00:00 UTC,10291021174.3708
2016-07-28 00:00:00 UTC,10358535029.6333
2016-07-29 00:00:00 UTC,10361809137.8918
2016-07-30 00:00:00 UTC,10389185332.1889
2016-07-31 00:00:00 UTC,10343186034.8191
2016-08-01 00:00:00 UTC,9909676846.88703
2016-08-02 00:00:00 UTC,9649865175.75492
2016-08-03 00:00:00 UTC,8417043116.67865
2016-08-04 00:00:00 UTC,8990916341.84345
2016-08-05 00:00:00 UTC,9140422330.0614
2016-08-06 00:00:00 UTC,9090012997.82508
2016-08-07 00:00:00 UTC,9348556382.84152
2016-08-08 00:00:00 UTC,9381876303.42968
2016-08-09 00:00:00 UTC,9342517802.19007
2016-08-10 00:00:00 UTC,9267406717.9956
2016-08-11 00:00:00 UTC,9393128262.87641
2016-08-12 00:00:00 UTC,9331542829.49813
2016-08-13 00:00:00 UTC,9303036191.90652
2016-08-14 00:00:00 UTC,9280973410.07434
2016-08-15 00:00:00 UTC,9056035888.23656
2016-08-16 00:00:00 UTC,9016205302.88263
2016-08-17 00:00:00 UTC,9166866633.30769
2016-08-18 00:00:00 UTC,9093714012.15031
2016-08-19 00:00:00 UTC,9113408285.98108
2016-08-20 00:00:00 UTC,9134029653.69015
2016-08-21 00:00:00 UTC,9230896530.11986
2016-08-22 00:00:00 UTC,9246988433.03773
2016-08-23 00:00:00 UTC,9332637669.00375
2016-08-24 00:00:00 UTC,9278579875.6138
2016-08-25 00:00:00 UTC,9231380745.26615
2016-08-26 00:00:00 UTC,9191122046.15324
2016-08-27 00:00:00 UTC,9218111648.83337
2016-08-28 00:00:00 UTC,9077804255.13712
2016-08-29 00:00:00 UTC,9173714450.90761
2016-08-30 00:00:00 UTC,9143961915.21605
2016-08-31 00:00:00 UTC,9207004331.89355
2016-09-01 00:00:00 UTC,9160778979.81505
2016-09-02 00:00:00 UTC,9114167520.79614
2016-09-03 00:00:00 UTC,9173247529.41945
2016-09-04 00:00:00 UTC,9573264074.50818
2016-09-05 00:00:00 UTC,9715623494.30748
2016-09-06 00:00:00 UTC,9698391365.63152
2016-09-07 00:00:00 UTC,9755098363.04564
2016-09-08 00:00:00 UTC,9810418278.96335
2016-09-09 00:00:00 UTC,10003550473.1829
2016-09-10 00:00:00 UTC,9954331229.00943
2016-09-11 00:00:00 UTC,9964245793.53671
2016-09-12 00:00:00 UTC,9717510841.28679
2016-09-13 00:00:00 UTC,9715559297.71017
2016-09-14 00:00:00 UTC,9735767648.96824
2016-09-15 00:00:00 UTC,9755026588.07363
2016-09-16 00:00:00 UTC,9725330923.34699
2016-09-17 00:00:00 UTC,9733024084.82982
2016-09-18 00:00:00 UTC,9713286527.77477
2016-09-19 00:00:00 UTC,9774415618.46492
2016-09-20 00:00:00 UTC,9760258779.85102
2016-09-21 00:00:00 UTC,9579578046.8062
2016-09-22 00:00:00 UTC,9567954662.12595
2016-09-23 00:00:00 UTC,9541145849.41535
2016-09-24 00:00:00 UTC,9660540110.09354
2016-09-25 00:00:00 UTC,9653724958.36968
2016-09-26 00:00:00 UTC,9634227837.86949
2016-09-27 00:00:00 UTC,9755435253.78782
2016-09-28 00:00:00 UTC,9723062997.09903
2016-09-29 00:00:00 UTC,9698341961.56262
2016-09-30 00:00:00 UTC,9708607448.39197
2016-10-01 00:00:00 UTC,9800040567.89555
2016-10-02 00:00:00 UTC,9851449700.94754
2016-10-03 00:00:00 UTC,9797442877.8726
2016-10-04 00:00:00 UTC,9830518951.61201
2016-10-05 00:00:00 UTC,9804234563.58537
2016-10-06 00:00:00 UTC,9827558333.81034
2016-10-07 00:00:00 UTC,9826806488.93636
2016-10-08 00:00:00 UTC,9930915000.6906
2016-10-09 00:00:00 UTC,9941315069.03529
2016-10-10 00:00:00 UTC,9914602167.59854
2016-10-11 00:00:00 UTC,9953362748.67737
2016-10-12 00:00:00 UTC,10300861850.2516
2016-10-13 00:00:00 UTC,10237344629.7961
2016-10-14 00:00:00 UTC,10245775688.8826
2016-10-15 00:00:00 UTC,10307039880.2116
2016-10-16 00:00:00 UTC,10285721737.6745
2016-10-17 00:00:00 UTC,10336031555.022
2016-10-18 00:00:00 UTC,10279030622.0903
2016-10-19 00:00:00 UTC,10259053128.4308
2016-10-20 00:00:00 UTC,10155412111.5454
2016-10-21 00:00:00 UTC,10161564741.2915
2016-10-22 00:00:00 UTC,10202487695.1624
2016-10-23 00:00:00 UTC,10628189946.5028
2016-10-24 00:00:00 UTC,10525404601.8084
2016-10-25 00:00:00 UTC,10520856940.5175
2016-10-26 00:00:00 UTC,10603462198.0616
2016-10-27 00:00:00 UTC,10915581075.6097
2016-10-28 00:00:00 UTC,11074311549.7485
2016-10-29 00:00:00 UTC,11149433337.7975
2016-10-30 00:00:00 UTC,11448216184.9194
2016-10-31 00:00:00 UTC,11293271091.5321
2016-11-01 00:00:00 UTC,11317673927.9422
2016-11-02 00:00:00 UTC,11776431428.1096
2016-11-03 00:00:00 UTC,12040874535.837
2016-11-04 00:00:00 UTC,11224278390.1559
2016-11-05 00:00:00 UTC,11385331443.8624
2016-11-06 00:00:00 UTC,11417700083.2642
2016-11-07 00:00:00 UTC,11464668451.1235
2016-11-08 00:00:00 UTC,11398770664.9701
2016-11-09 00:00:00 UTC,11490483138.4266
2016-11-10 00:00:00 UTC,11689712501.4917
2016-11-11 00:00:00 UTC,11582479647.4886
2016-11-12 00:00:00 UTC,11601588451.2242
2016-11-13 00:00:00 UTC,11352078540.1546
2016-11-14 00:00:00 UTC,11371633762.2509
2016-11-15 00:00:00 UTC,11448045021.044
2016-11-16 00:00:00 UTC,11536475070.41
2016-11-17 00:00:00 UTC,12046558651.445
2016-11-18 00:00:00 UTC,11934117190.5364
2016-11-19 00:00:00 UTC,12158737407.226
2016-11-20 00:00:00 UTC,12184531828.6498
2016-11-21 00:00:00 UTC,11859348218.8309
2016-11-22 00:00:00 UTC,11974855026.5989
2016-11-23 00:00:00 UTC,12166806499.0963
2016-11-24 00:00:00 UTC,12068397450.6998
2016-11-25 00:00:00 UTC,11977304290.7504
2016-11-26 00:00:00 UTC,12017465093.8414
2016-11-27 00:00:00 UTC,11913238104.9099
2016-11-28 00:00:00 UTC,11857183571.0159
2016-11-29 00:00:00 UTC,11933023019.8375
2016-11-30 00:00:00 UTC,11921520269.7666
2016-12-01 00:00:00 UTC,12060992457.9157
2016-12-02 00:00:00 UTC,12279169278.8581
2016-12-03 00:00:00 UTC,12573240193.751
2016-12-04 00:00:00 UTC,12453270393.0961
2016-12-05 00:00:00 UTC,12495693705.1982
2016-12-06 00:00:00 UTC,12280240421.9087
2016-12-07 00:00:00 UTC,12361686449.2135
2016-12-08 00:00:00 UTC,12462494687.5944
2016-12-09 00:00:00 UTC,12517811306.066
2016-12-10 00:00:00 UTC,12561203910.8419
2016-12-11 00:00:00 UTC,12542179744.5147
2016-12-12 00:00:00 UTC,12555751208.0811
2016-12-13 00:00:00 UTC,12684444204.4506
2016-12-14 00:00:00 UTC,12645940261.4868
2016-12-15 00:00:00 UTC,12672039091.1141
2016-12-16 00:00:00 UTC,12685521769.6527
2016-12-17 00:00:00 UTC,12765801326.2001
2016-12-18 00:00:00 UTC,12890790333.4229
2016-12-19 00:00:00 UTC,12886707869.1526
2016-12-20 00:00:00 UTC,12911975655.0664
2016-12-21 00:00:00 UTC,13038788191.3402
2016-12-22 00:00:00 UTC,13616784982.7837
2016-12-23 00:00:00 UTC,14050878393.062
2016-12-24 00:00:00 UTC,14983402205.876
2016-12-25 00:00:00 UTC,14600297254.0666
2016-12-26 00:00:00 UTC,14709867873.0867
2016-12-27 00:00:00 UTC,14759941706.7159
2016-12-28 00:00:00 UTC,15376438480.2403
2016-12-29 00:00:00 UTC,15946736479.9267
2016-12-30 00:00:00 UTC,15849137905.5256
2016-12-31 00:00:00 UTC,15665108952.8626
2017-01-01 00:00:00 UTC,15789289819.4363
2017-01-02 00:00:00 UTC,16324032365.2769
2017-01-03 00:00:00 UTC,16719740803.9074
2017-01-04 00:00:00 UTC,16948818022.3235
2017-01-05 00:00:00 UTC,18210275923.9718
2017-01-06 00:00:00 UTC,16494283468.7165
2017-01-07 00:00:00 UTC,14621012580.2898
2017-01-08 00:00:00 UTC,14724674710.7536
2017-01-09 00:00:00 UTC,14725881704.0639
2017-01-10 00:00:00 UTC,14781760136.6114
2017-01-11 00:00:00 UTC,14858136822.2741
2017-01-12 00:00:00 UTC,12508911383.7329
2017-01-13 00:00:00 UTC,13240831223.9366
2017-01-14 00:00:00 UTC,13673679858.5721
2017-01-15 00:00:00 UTC,13499109673.2017
2017-01-16 00:00:00 UTC,13496006018.851
2017-01-17 00:00:00 UTC,13655847980.501
2017-01-18 00:00:00 UTC,14923857468.1334
2017-01-19 00:00:00 UTC,14691670723.1366
2017-01-20 00:00:00 UTC,14794654307.4569
2017-01-21 00:00:00 UTC,14732859989.9457
2017-01-22 00:00:00 UTC,15279897508.3761
2017-01-23 00:00:00 UTC,15157587327.7805
2017-01-24 00:00:00 UTC,14839377008.3153
2017-01-25 00:00:00 UTC,14678154661.955
2017-01-26 00:00:00 UTC,14788127474.4303
2017-01-27 00:00:00 UTC,15099366890.8139
2017-01-28 00:00:00 UTC,15140899293.546
2017-01-29 00:00:00 UTC,15178427935.3166
2017-01-30 00:00:00 UTC,15068953539.5733
2017-01-31 00:00:00 UTC,15186784258.2984
2017-02-01 00:00:00 UTC,15974182937.9241
2017-02-02 00:00:00 UTC,16316997603.7833
2017-02-03 00:00:00 UTC,16583538666.3757
2017-02-04 00:00:00 UTC,16817239407.9271
2017-02-05 00:00:00 UTC,16993507149.1911
2017-02-06 00:00:00 UTC,16735326549.1403
2017-02-07 00:00:00 UTC,16913159933.1312
2017-02-08 00:00:00 UTC,17420617543.637
2017-02-09 00:00:00 UTC,17479322559.2699
2017-02-10 00:00:00 UTC,16293424513.2026
2017-02-11 00:00:00 UTC,16455930698.1655
2017-02-12 00:00:00 UTC,16667351471.4378
2017-02-13 00:00:00 UTC,16570406831.6942
2017-02-14 00:00:00 UTC,16538910832.098
2017-02-15 00:00:00 UTC,16771848706.4432
2017-02-16 00:00:00 UTC,16778575164.336
2017-02-17 00:00:00 UTC,17183617109.73
2017-02-18 00:00:00 UTC,17483190224.8088
2017-02-19 00:00:00 UTC,17505655921.8164
2017-02-20 00:00:00 UTC,17439664321.5571
2017-02-21 00:00:00 UTC,17931442169.0377
2017-02-22 00:00:00 UTC,18574796775.5877
2017-02-23 00:00:00 UTC,18684518156.1603
2017-02-24 00:00:00 UTC,19619929471.9494
2017-02-25 00:00:00 UTC,19565948342.7858
2017-02-26 00:00:00 UTC,19111392372.6885
2017-02-27 00:00:00 UTC,19635055430.0898
2017-02-28 00:00:00 UTC,19925069420.4565
2017-03-01 00:00:00 UTC,19757266350.0252
2017-03-02 00:00:00 UTC,20402493715.6502
2017-03-03 00:00:00 UTC,20940170834.1963
2017-03-04 00:00:00 UTC,21368777140.413
2017-03-05 00:00:00 UTC,21037838416.9324
2017-03-06 00:00:00 UTC,21219336962.1361
2017-03-07 00:00:00 UTC,21280151390.956
2017-03-08 00:00:00 UTC,20558295716.0006
2017-03-09 00:00:00 UTC,19076910805.9349
2017-03-10 00:00:00 UTC,20004119417.6597
2017-03-11 00:00:00 UTC,18678748853.777
2017-03-12 00:00:00 UTC,19617267095.9161
2017-03-13 00:00:00 UTC,20405267659.7472
2017-03-14 00:00:00 UTC,20663449724.6204
2017-03-15 00:00:00 UTC,20771957182.9498
2017-03-16 00:00:00 UTC,20943991767.8801
2017-03-17 00:00:00 UTC,19427956314.7976
2017-03-18 00:00:00 UTC,18085916552.1005
2017-03-19 00:00:00 UTC,16384030282.8784
2017-03-20 00:00:00 UTC,17046290828.1872
2017-03-21 00:00:00 UTC,17559883270.2285
2017-03-22 00:00:00 UTC,18597194948.4248
2017-03-23 00:00:00 UTC,17472617362.8222
2017-03-24 00:00:00 UTC,17282549050.1521
2017-03-25 00:00:00 UTC,15788012452.2281
2017-03-26 00:00:00 UTC,16193447763.7012
2017-03-27 00:00:00 UTC,16142372068.599
2017-03-28 00:00:00 UTC,17368377247.3139
2017-03-29 00:00:00 UTC,17336012838.9829
2017-03-30 00:00:00 UTC,17548477269.0861
2017-03-31 00:00:00 UTC,17469839637.9344
2017-04-01 00:00:00 UTC,18103140457.8555
2017-04-02 00:00:00 UTC,18189169645.0228
2017-04-03 00:00:00 UTC,18675716459.7213
2017-04-04 00:00:00 UTC,19266814027.8529
2017-04-05 00:00:00 UTC,19154354238.1638
2017-04-06 00:00:00 UTC,19141715603.1877
2017-04-07 00:00:00 UTC,19916985667.7359
2017-04-08 00:00:00 UTC,19902184309.8189
2017-04-09 00:00:00 UTC,19890634850.3342
2017-04-10 00:00:00 UTC,20305851481.291
2017-04-11 00:00:00 UTC,20336012413.0985
2017-04-12 00:00:00 UTC,20597790059.0966
2017-04-13 00:00:00 UTC,20449705446.388
2017-04-14 00:00:00 UTC,19801311998.0516
2017-04-15 00:00:00 UTC,19918997212.6768
2017-04-16 00:00:00 UTC,19890984604.1506
2017-04-17 00:00:00 UTC,19964806188.7685
2017-04-18 00:00:00 UTC,20346166562.4448
2017-04-19 00:00:00 UTC,20647271244.2518
2017-04-20 00:00:00 UTC,20737248558.8617
2017-04-21 00:00:00 UTC,21278591878.5459
2017-04-22 00:00:00 UTC,21443427440.3914
2017-04-23 00:00:00 UTC,21493853855.229
2017-04-24 00:00:00 UTC,21681864846.456
2017-04-25 00:00:00 UTC,21639339340.5452
2017-04-26 00:00:00 UTC,22062656368.7073
2017-04-27 00:00:00 UTC,22457282639.1282
2017-04-28 00:00:00 UTC,23024215511.4192
2017-04-29 00:00:00 UTC,22899453398.5279
2017-04-30 00:00:00 UTC,22782208171.1196
2017-05-01 00:00:00 UTC,23104071060.7896
2017-05-02 00:00:00 UTC,24193370822.0481
2017-05-03 00:00:00 UTC,25006718797.4737
2017-05-04 00:00:00 UTC,25737497531.1725
2017-05-05 00:00:00 UTC,26099257407.2636
2017-05-06 00:00:00 UTC,25830228962.6681
2017-05-07 00:00:00 UTC,26349863787.0231
2017-05-08 00:00:00 UTC,26676949099.3575
2017-05-09 00:00:00 UTC,28021499728.4543
2017-05-10 00:00:00 UTC,29034340705.4949
2017-05-11 00:00:00 UTC,29760919664.6758
2017-05-12 00:00:00 UTC,30976051993.9682
2017-05-13 00:00:00 UTC,28588827335.4324
2017-05-14 00:00:00 UTC,30249894140.4491
2017-05-15 00:00:00 UTC,30323746773.0991
2017-05-16 00:00:00 UTC,29104668392.2507
2017-05-17 00:00:00 UTC,29550477927.7149
2017-05-18 00:00:00 UTC,30710564083.3809
2017-05-19 00:00:00 UTC,32329071646.9818
2017-05-20 00:00:00 UTC,33372863620.1515
2017-05-21 00:00:00 UTC,34540041134.5911
2017-05-22 00:00:00 UTC,34399960795.0786
2017-05-23 00:00:00 UTC,36117607579.2321
2017-05-24 00:00:00 UTC,38699254983.4694
2017-05-25 00:00:00 UTC,41564703140.0004
2017-05-26 00:00:00 UTC,39658797591.2753
2017-05-27 00:00:00 UTC,37572560721.3957
2017-05-28 00:00:00 UTC,35303694314.0032
2017-05-29 00:00:00 UTC,36756158828.6009
2017-05-30 00:00:00 UTC,37921814116.3628
2017-05-31 00:00:00 UTC,37443683951.4723
2017-06-01 00:00:00 UTC,38891345353.8092
2017-06-02 00:00:00 UTC,40450690982.3013
2017-06-03 00:00:00 UTC,41842033979.9175
2017-06-04 00:00:00 UTC,42460419508.5273
2017-06-05 00:00:00 UTC,42947111356.249
2017-06-06 00:00:00 UTC,45942834205.7308
2017-06-07 00:00:00 UTC,48491122305.5951
2017-06-08 00:00:00 UTC,44878948591.4561
2017-06-09 00:00:00 UTC,47609741541.4199
2017-06-10 00:00:00 UTC,47942897969.0036
2017-06-11 00:00:00 UTC,48828041023.362
2017-06-12 00:00:00 UTC,50391011739.2399
2017-06-13 00:00:00 UTC,45302816849.9811
2017-06-14 00:00:00 UTC,46178674681.5218
2017-06-15 00:00:00 UTC,41435319332.1106
2017-06-16 00:00:00 UTC,40604074080.1482
2017-06-17 00:00:00 UTC,42036562845.165
2017-06-18 00:00:00 UTC,44534367678.892
2017-06-19 00:00:00 UTC,42966044359.5858
2017-06-20 00:00:00 UTC,44475058488.92
2017-06-21 00:00:00 UTC,46311449905.9598
2017-06-22 00:00:00 UTC,45324928620.1995
2017-06-23 00:00:00 UTC,46094091864.1182
2017-06-24 00:00:00 UTC,45927977986.187
2017-06-25 00:00:00 UTC,43369857095.594
2017-06-26 00:00:00 UTC,42723102010.5579
2017-06-27 00:00:00 UTC,41053646535.9623
2017-06-28 00:00:00 UTC,42985951023.5002
2017-06-29 00:00:00 UTC,43420656995.7595
2017-06-30 00:00:00 UTC,43194960745.7704
2017-07-01 00:00:00 UTC,41963304135.294
2017-07-02 00:00:00 UTC,40761820687.4412
2017-07-03 00:00:00 UTC,42397905465.4775
2017-07-04 00:00:00 UTC,43610075866.4429
2017-07-05 00:00:00 UTC,43935587121.998
2017-07-06 00:00:00 UTC,44453432729.4898
2017-07-07 00:00:00 UTC,44437774587.704
2017-07-08 00:00:00 UTC,42587217068.283
2017-07-09 00:00:00 UTC,43645800898.5466
2017-07-10 00:00:00 UTC,42718271562.6875
2017-07-11 00:00:00 UTC,40287070438.4854
2017-07-12 00:00:00 UTC,38989938500.1833
2017-07-13 00:00:00 UTC,40698803512.3319
2017-07-14 00:00:00 UTC,39948279604.1347
2017-07-15 00:00:00 UTC,37751901859.7392
2017-07-16 00:00:00 UTC,33930253076.866
2017-07-17 00:00:00 UTC,33093305668.744
2017-07-18 00:00:00 UTC,37744049470.3814
2017-07-19 00:00:00 UTC,39002880032.0775
2017-07-20 00:00:00 UTC,39042123357.7153
2017-07-21 00:00:00 UTC,47306618540.7491
2017-07-22 00:00:00 UTC,45718511857.7269
2017-07-23 00:00:00 UTC,48599305933.9214
2017-07-24 00:00:00 UTC,47029173973.8126
2017-07-25 00:00:00 UTC,47524739481.3707
2017-07-26 00:00:00 UTC,44527071704.8263
2017-07-27 00:00:00 UTC,43543325360.3516
2017-07-28 00:00:00 UTC,46299955622.7752
2017-07-29 00:00:00 UTC,47745679158.2472
2017-07-30 00:00:00 UTC,46508890827.1946
2017-07-31 00:00:00 UTC,47016608814.52
2017-08-01 00:00:00 UTC,48797550358.1454
2017-08-02 00:00:00 UTC,46669614999.0695
2017-08-03 00:00:00 UTC,46737513013.845
2017-08-04 00:00:00 UTC,48112664412.7754
2017-08-05 00:00:00 UTC,49290557019.4319
2017-08-06 00:00:00 UTC,56303394640.0456
2017-08-07 00:00:00 UTC,55590387737.6678
2017-08-08 00:00:00 UTC,58146013410.5549
2017-08-09 00:00:00 UTC,58835965923.4091
2017-08-10 00:00:00 UTC,57690253434.9089
2017-08-11 00:00:00 UTC,58880043954.6804
2017-08-12 00:00:00 UTC,63110025969.7206
2017-08-13 00:00:00 UTC,67416013727.531
2017-08-14 00:00:00 UTC,70451877684.75
2017-08-15 00:00:00 UTC,74979914948.9169
2017-08-16 00:00:00 UTC,71832474655.1302
2017-08-17 00:00:00 UTC,75506092904.6251
2017-08-18 00:00:00 UTC,74034677732.2332
2017-08-19 00:00:00 UTC,71485666992.4193
2017-08-20 00:00:00 UTC,70878569905.4348
2017-08-21 00:00:00 UTC,70603677254.3145
2017-08-22 00:00:00 UTC,68081726987.4378
2017-08-23 00:00:00 UTC,70491220065.1882
2017-08-24 00:00:00 UTC,71609857888.7964
2017-08-25 00:00:00 UTC,75229494462.4087
2017-08-26 00:00:00 UTC,75439640334.0501
2017-08-27 00:00:00 UTC,75138380905.4453
2017-08-28 00:00:00 UTC,74724511154.2324
2017-08-29 00:00:00 UTC,75709623880.4158
2017-08-30 00:00:00 UTC,79320880649.1395
2017-08-31 00:00:00 UTC,79435859490.3191
2017-09-01 00:00:00 UTC,82124987407.9667
2017-09-02 00:00:00 UTC,85260608668.413
2017-09-03 00:00:00 UTC,80273328844.8373
2017-09-04 00:00:00 UTC,79393947350.5352
2017-09-05 00:00:00 UTC,73387948775.4441
2017-09-06 00:00:00 UTC,76953586469.7979
2017-09-07 00:00:00 UTC,79553294485.1446
2017-09-08 00:00:00 UTC,79965504724.8767
2017-09-09 00:00:00 UTC,74881373256.3121
2017-09-10 00:00:00 UTC,74869497166.1142
2017-09-11 00:00:00 UTC,73700399508.2408
2017-09-12 00:00:00 UTC,73599354928.8287
2017-09-13 00:00:00 UTC,71838382751.1503
2017-09-14 00:00:00 UTC,67776313242.6543
2017-09-15 00:00:00 UTC,57524882795.8772
2017-09-16 00:00:00 UTC,65006779218.0884
2017-09-17 00:00:00 UTC,63839921598.4546
2017-09-18 00:00:00 UTC,64891358747.6514
2017-09-19 00:00:00 UTC,70870814925.9332
2017-09-20 00:00:00 UTC,68002647597.0577
2017-09-21 00:00:00 UTC,67236703219.7599
2017-09-22 00:00:00 UTC,63391815775.6666
2017-09-23 00:00:00 UTC,62668455759.0665
2017-09-24 00:00:00 UTC,65523069928.2984
2017-09-25 00:00:00 UTC,64036482921.4505
2017-09-26 00:00:00 UTC,68483973692.4926
2017-09-27 00:00:00 UTC,67896602712.3117
2017-09-28 00:00:00 UTC,73045761668.6809
